@,@id,Start,Timestamp,Username,Source,Osm id,Name of Facility,Address,Phone Number,Operator Type,Facility Operator Name,Facility Location / latitude,Facility Location / longitude,Facility Location / altitude,Facility Location / accuracy,Operational Status,When is the facility open?,Which days is this facility open?,Open hours by day of the week / Enter open hours for each day:,Open hours by day of the week / Monday open hours,Open hours by day of the week / Tuesday open hours,Open hours by day of the week / Wednesday open hours,Open hours by day of the week / Thursday open hours,Open hours by day of the week / Friday open hours,Open hours by day of the week / Saturday open hours,Open hours by day of the week / Sunday open hours,Open hours by day of the week / Public Holiday open hours,Open hours by day of the week / Select hours,Enter weekday hours,OSM 'opening_hours',Opening hours,Verify the open hours are correct or go back and fix:,Facility Category,Available Services,Specialities,Speciality medical equipment available,Does this facility provide Emergency Services?,Does the pharmacy dispense prescription medication?,Number of Beds,Number of Doctors,Number of Nurses,Types of insurance accepted?,Is this facility wheelchair accessible?,What is the source of water for this facility?,What is the source of power for this facility?,URL for this location (if available),In which health are is the facility located?,In which health zone is the facility located?,UUID
1,34c71b23-6fad-47ab-898e-220f646aa4b4,2019-07-18T15:47:36.297000+00:00,2019-07-18T16:52:52.399000+00:00,FINI6caroline,HS-Gather-2019-Senegal,6f3c7899-0d98-41b1-a069-42a32d33e33f,Pharmacie Mouhammad Rassoul,Cité vauvert Khor,+221339612727,private,Dr Aminata Keita Dramé,16.03292006,-16.47092303,34,5,operational,oh_select,Mo Tu We Th Fr Sa Su,"09:00-18:30
08:00-11:00,12:30-15:00
sunrise-sunset",08:00-22:00,08:00-22:00,08:00-22:00,08:00-22:00,08:00-22:00,08:00-13:00,08:00-08:00,,Mo 08:00-22:00; Tu 08:00-22:00; We 08:00-22:00; Th 08:00-22:00; Fr 08:00-22:00; Sa 08:00-13:00; Su 08:00-08:00; PH off,,,Mo 08:00-22:00; Tu 08:00-22:00; We 08:00-22:00; Th 08:00-22:00; Fr 08:00-22:00; Sa 08:00-13:00; Su 08:00-08:00; PH off,,pharmacy,pharmacy,,,no,yes,0,1,0,public private,yes,powered_pump,grid,,,,68ab1fbb-38fd-4451-853e-4fc901a71998
2,0483ec81-8ff3-48ac-b2dd-9d79485c7a3a,2019-07-18T15:26:52.064000+00:00,2019-07-18T16:52:41.696000+00:00,FINI6caroline,HS-Gather-2019-Senegal,a7ab064a-63e5-43d7-a5d6-87898f4732d1,Poste de santé de khor,Khor,,public,Ministère de la santé,16.03312341,-16.47151588,34,5,operational,oh_weekday,,,,,,,,,,,,08:00-18:00,,Mo-Fr 08:00-18:00; PH off,,doctors,doctor pharmacy birthing_center,,emergency_department ultrasound,no,,,1,,private,yes,powered_pump,grid,,,,a44c0737-8df0-4803-b16a-94e72340b0b6
3,54e2e0e2-6224-4fe4-84b8-43b7ffe32283,2019-07-18T14:48:19.587000+00:00,2019-07-18T16:52:26.316000+00:00,FINI6caroline,HS-Gather-2019-Senegal,89add606-5e76-4ddd-9860-b02704bb61f2,Centre medical de Deh Momar Gary,Bango,,public,Ministère des forces armées,16.06262477,-16.4562459,36,5,operational,oh_24_7,,,,,,,,,,,,,,24/7,,doctors,doctor pharmacy dentist laboratory,,laboratory x_ray,no,,40,6,15,public private,yes,powered_pump,grid,,,,4c6dd3fd-0754-447c-b15d-26e8aeedb027
4,38428abc-5c7f-49c1-9a0c-50f70965b43d,2019-07-18T13:50:59.849000+00:00,2019-07-18T16:52:05.199000+00:00,FINI6caroline,HS-Gather-2019-Senegal,1e5afd28-9aa0-4261-bca4-8b364b550e27,Infirmerie privée Yaye Bineta,Bango,+221339614802,private,Elhadj Seck,16.0645827,-16.45016089,29,5,operational,oh_select,Mo Tu We Th Sa,"09:00-18:30
08:00-11:00,12:30-15:00
sunrise-sunset",09:00-13:00,09:00-13:00,09:00-13:00,09:00-13:00,,09:00-13:00,,,Mo 09:00-13:00; Tu 09:00-13:00; We 09:00-13:00; Th 09:00-13:00; Fr off; Sa 09:00-13:00; Su off; PH off,,,Mo 09:00-13:00; Tu 09:00-13:00; We 09:00-13:00; Th 09:00-13:00; Fr off; Sa 09:00-13:00; Su off; PH off,,doctors,clinic doctor,,emergency_department,yes,,1,1,1,no,yes,powered_pump,grid,,,,ecdbef64-038c-4374-b6b2-58428ad71348
5,a72d8e59-c22b-441c-a0c6-8ff33a64df4b,2019-07-18T13:31:19+00:00,2019-07-18T16:51:49.610000+00:00,FINI6caroline,HS-Gather-2019-Senegal,2c35d05e-b0ba-478b-8187-7fff7a5b8506,Poste de santé de Bango,"Bango, Saint-Louis",,public,Ministère de la santé,16.06594949,-16.45134517,30,5,operational,oh_24_7,,,,,,,,,,,,,,24/7,,doctors,doctor pharmacy birthing_center,,ultrasound emergency_department,yes,,7,0,1,private,yes,powered_pump,grid,,,,5347a701-5262-4d39-ad5c-1ff818e0cdce
6,5d6ef28e-61d6-4acb-911d-bcd0feda9e20,2019-07-18T12:36:15.707000+00:00,2019-07-18T16:51:12.175000+00:00,FINI6caroline,HS-Gather-2019-Senegal,1069a91a-03bb-4fe4-8dce-33c9371e0a5e,Case de santé de Maka toubé,Maka toubé,,public,Ministère de la santé,16.01891604,-16.44632827,23,5,operational,oh_weekday,,,,,,,,,,,,09:00-13:00,,Mo-Fr 09:00-13:00; PH off,,doctors,doctor pharmacy,,,no,,1,0,2,no,yes,powered_pump,grid,,,,30d41473-1c81-421b-b263-49b034fc14fc
7,7bff72de-c7d2-4580-8f9b-3503336c2875,2019-07-18T10:46:09.407000+00:00,2019-07-18T16:50:39.303000+00:00,FINI6caroline,HS-Gather-2019-Senegal,81c03458-f29a-4d4d-80b5-ce036692d678,CERPAD (Centre de Recherche et de Prise en charge Ambulatoire de la Drépanocytose),Université Gaston Berger de Saint Louis,+221776806969,public,Ministère de la santé,16.04929,-16.43338141,39,5,operational,oh_weekday,,,,,,,,,,,,08:00-17:00,,Mo-Fr 08:00-17:00; PH off,,doctors,doctor,,laboratory,yes,,6,5,7,no,yes,powered_pump,grid,Http://ugb.sn,,,3a5ca345-b93c-407b-b9a2-d16f3acf9752
8,de8a03f7-9ec2-45f0-9a75-4ee322583921,2019-07-18T09:36:17.311000+00:00,2019-07-18T16:48:29.803000+00:00,FINI6caroline,HS-Gather-2019-Senegal,b7321bc3-bf62-40aa-a0b3-9e25881e2b43,Service Medico social des Etudiants CROUS,Université Gaston Berger de Saint Louis,+221771691174,public,Ministere de l'enseignement supérieure,16.06672289,-16.42653633,37,5,operational,oh_24_7,,,,,,,,,,,,,,24/7,,hospital,doctor pharmacy hospital dentist laboratory birthing_center,,laboratory emergency_department,yes,,7,2,6,no,yes,powered_pump,grid,,,,35ab6794-f586-4ab7-acef-3f5e5aafb5ac
9,3564bb0a-51f2-4e7c-a5fa-3b93ee97c0ad,2019-07-17T16:54:07.188000+00:00,2019-07-17T18:37:04.753000+00:00,FINI6caroline,HS-Gather-2019-Senegal,e42c8d45-3916-4625-b72a-98992623499b,Pharmacie Amadou,Ngallele Nord,+221339620444,private,Dr Abibatou Wade,16.04096354,-16.442557,45,5,operational,oh_select,Mo Tu We Th Fr Sa,"09:00-18:30
08:00-11:00,12:30-15:00
sunrise-sunset",08:00-22:00,08:00-22:00,08:00-22:00,08:00-22:00,08:00-22:00,08:00-13:00,,,Mo 08:00-22:00; Tu 08:00-22:00; We 08:00-22:00; Th 08:00-22:00; Fr 08:00-22:00; Sa 08:00-13:00; Su off; PH off,,,Mo 08:00-22:00; Tu 08:00-22:00; We 08:00-22:00; Th 08:00-22:00; Fr 08:00-22:00; Sa 08:00-13:00; Su off; PH off,,pharmacy,pharmacy,,,no,yes,0,2,0,private,yes,powered_pump,grid,,,,21bc2275-bd68-4b64-bd71-ea07ff0b098d
10,adbe3d2b-2d90-4402-a44b-584f9b9aab5b,2019-07-17T16:37:05.023000+00:00,2019-07-17T18:35:04.666000+00:00,FINI6caroline,HS-Gather-2019-Senegal,e5a49957-f908-4819-b9cf-3c8dcf239c17,Pharmacie AlHassan Salam,Boudiouck près de la station elton,+221339613361,private,Adji Seynabou Sow,16.04769819,-16.43318603,28,5,operational,oh_select,Mo Tu We Th Fr Sa,"09:00-18:30
08:00-11:00,12:30-15:00
sunrise-sunset",08:00-22:00,08:00-22:00,08:00-22:00,08:00-22:00,08:00-22:00,08:00-13:00,,,Mo 08:00-22:00; Tu 08:00-22:00; We 08:00-22:00; Th 08:00-22:00; Fr 08:00-22:00; Sa 08:00-13:00; Su off; PH off,,,Mo 08:00-22:00; Tu 08:00-22:00; We 08:00-22:00; Th 08:00-22:00; Fr 08:00-22:00; Sa 08:00-13:00; Su off; PH off,,pharmacy,pharmacy doctor,,,no,yes,0,1,0,unknown,yes,powered_pump,grid,,,,889bac71-6dbb-403e-81ed-96c26a3dc44d
11,01dd8f31-22ba-4543-9a66-ca8e3eeb9238,2019-07-17T14:35:48.184000+00:00,2019-07-17T18:34:23.587000+00:00,FINI6caroline,HS-Gather-2019-Senegal,2d402784-ecf2-4c7f-a631-f8df51382474,Direction de la medecine du travail de l'UGB,Université Gaston Berger de Saint Louis,,public,Ministère de la santé,16.06568781,-16.41952839,42,5,operational,oh_select,Mo Tu Fr We Th Sa,"09:00-18:30
08:00-11:00,12:30-15:00
sunrise-sunset","08:00-17:00
17:00-20:00","08:00-17:00
17:00-20:00","08:00-17:00
17:00-20:00","08:00-17:00
17:00-20:00","08:00-17:00
17:00-20:00",08:00-12:00,,,"Mo 08:00-17:00
17:00-20:00; Tu 08:00-17:00
17:00-20:00; We 08:00-17:00
17:00-20:00; Th 08:00-17:00
17:00-20:00; Fr 08:00-17:00
17:00-20:00; Sa 08:00-12:00; Su off; PH off",,,"Mo 08:00-17:00
17:00-20:00; Tu 08:00-17:00
17:00-20:00; We 08:00-17:00
17:00-20:00; Th 08:00-17:00
17:00-20:00; Fr 08:00-17:00
17:00-20:00; Sa 08:00-12:00; Su off; PH off",,doctors,doctor,,,no,,6,1,4,no,yes,powered_pump,grid,http://www.ugn.edu.sn,,,38218447-1487-4c6c-9c5a-cd0ad99c6e81
12,6091de17-15c8-4bc8-871e-9bae1b945e3b,2019-07-17T12:45:04.992000+00:00,2019-07-17T18:31:48.814000+00:00,FINI6caroline,HS-Gather-2019-Senegal,7db10301-8726-4471-911e-9e568f233074,Infirmerie des GDS (Grand Domaine du Sénégal),Grand Domaine du Sénégal Ndiawdoune,,private,Ministère de la santé,16.07728225,-16.38205818,44,5,operational,oh_select,Tu We Th Fr Sa Mo,"09:00-18:30
08:00-11:00,12:30-15:00
sunrise-sunset","07:00-15:30
15:30-19:00","07:00-15:30
15:30-19:00","07:00-15:30
15:30-19:00","07:00-15:30
15:30-19:00","07:00-15:30
15:30-19:00","07:00-15:30
15:30-19:00",,,"Mo 07:00-15:30
15:30-19:00; Tu 07:00-15:30
15:30-19:00; We 07:00-15:30
15:30-19:00; Th 07:00-15:30
15:30-19:00; Fr 07:00-15:30
15:30-19:00; Sa 07:00-15:30
15:30-19:00; Su off; PH off",,,"Mo 07:00-15:30
15:30-19:00; Tu 07:00-15:30
15:30-19:00; We 07:00-15:30
15:30-19:00; Th 07:00-15:30
15:30-19:00; Fr 07:00-15:30
15:30-19:00; Sa 07:00-15:30
15:30-19:00; Su off; PH off",,doctors,doctor pharmacy birthing_center,,emergency_department,no,,2,1,8,private,yes,powered_pump,grid,,,,0d3d65f3-2f95-40c4-b7af-720c132bbc33
13,bb1a3fb6-62a2-4a39-ac9e-17874f9082dc,2019-07-17T12:12:18.209000+00:00,2019-07-17T18:30:36.072000+00:00,FINI6caroline,HS-Gather-2019-Senegal,a8ff1202-2e05-4e7f-b2f2-5e406e77ddc1,Case de santé Ndiawdoune,Ndiawdoune wolof face école primaire,,public,Ministère de la santé,16.06716848,-16.39147902,38,5,operational,oh_24_7,,,,,,,,,,,,,,24/7,,doctors,doctor,,,no,,0,0,1,no,yes,powered_pump,none,,,,ba4061f0-a351-439c-8c8e-42c547806c9a
14,37509f49-1226-4bc2-808e-3dbddcf9c25d,2019-07-17T11:18:10.170000+00:00,2019-07-17T18:28:29.071000+00:00,FINI6caroline,HS-Gather-2019-Senegal,6c56ff3d-4f14-45b6-96cf-cf1bc04a677f,Poste de santé Mbakhana,Mbarigo,,public,Ministère de la santé,16.08349747,-16.3635252,41,5,operational,oh_24_7,,,,,,,,,,,,,,24/7,,doctors,doctor pharmacy birthing_center,,,yes,,7,0,3,no,yes,powered_pump,grid,,,,6161adc1-ce13-4e50-92af-ba658fb0686c
15,031a5bfa-22fc-4af9-9704-1d4d9bea8678,2019-07-17T10:24:23.133000+00:00,2019-07-17T18:26:41.930000+00:00,FINI6caroline,HS-Gather-2019-Senegal,6a117291-66cd-4cca-b7e0-57de9117363a,Case de santé,Mbodiene Lampsar,,public,Ministère de la santé,16.10882201,-16.34721444,42,5,operational,oh_select,Mo Tu We Th Sa Su Fr,"09:00-18:30
08:00-11:00,12:30-15:00
sunr",09:00-18:30,09:00-18:30,09:00-18:30,09:00-18:30,09:00-18:30,09:00-18:30,09:00-18:30,,Mo 09:00-18:30; Tu 09:00-18:30; We 09:00-18:30; Th 09:00-18:30; Fr 09:00-18:30; Sa 09:00-18:30; Su 09:00-18:30; PH off,,,Mo 09:00-18:30; Tu 09:00-18:30; We 09:00-18:30; Th 09:00-18:30; Fr 09:00-18:30; Sa 09:00-18:30; Su 09:00-18:30; PH off,,doctors,doctor birthing_center,,,no,,1,0,1,unknown,yes,powered_pump,none,,,,de883f9a-f2aa-4b6a-9cfa-ea3234f152a4
16,121f2a78-93a2-4a83-a6f8-35d6534a3c18,2019-07-16T15:41:16.552000+00:00,2019-07-16T17:27:13.290000+00:00,FINI6caroline,HS-Gather-2019-Senegal,fafd97b0-e54b-436a-a249-93d666cd1ecf,Centre de recherche biomedicale espoir pour la sante,"263, route de la corniche BP 226, Saint-Louis",+221339610377,ngo,Non approprié,16.02700093,-16.48914311,31,5,operational,oh_weekday,,,,,,,,,,,,08:30-18:30,,Mo-Fr 08:30-18:30; PH off,,doctors,laboratory,,laboratory,no,,0,4,3,unknown,yes,powered_pump,grid,,,,b700d2c7-5760-4a04-977b-5b308bf0698c
17,543470f3-114a-4394-bace-cad1d3bf2e5d,2019-07-18T10:46:05.554000+00:00,2019-07-18T16:50:15.819000+00:00,HarouneRachidSAGNA,HS-Gather-2019-Senegal,18d5e6d4-15d7-4eae-9dfe-3e35c7ea9c67,Samu,Ngallele sud,339641179,private,Ministère de la santé,16.03980311,-16.44694031,33,6,operational,oh_24_7,,,,,,,,,,,,,,24/7,,doctors,doctor,,,no,,0,4,4,no,yes,powered_pump,grid,,,,b1e73538-9ad5-4deb-a9c7-99b1d45878e9
18,61b1e300-1704-4f2c-b164-c04d15c0a14a,2019-07-16T14:53:39.923000+00:00,2019-07-18T16:49:21.423000+00:00,HarouneRachidSAGNA,HS-Gather-2019-Senegal,bfbe6349-3c01-4ea2-9832-5e18c2332ee0,Poste de sante de Ngallele,Ngallele nord,,public,Ministère de la santé,16.04070752,-16.44529327,27,5,operational,oh_24_7,,,,,,,,,,,,,,24/7,,doctors,doctor pharmacy birthing_center,,,no,,4,1,1,private,yes,powered_pump,grid,,,,31853e9a-3151-49bd-8d14-5cfc27cc9678
19,960f1ac8-a030-42ee-a46d-67ed06a14910,2019-07-18T13:41:05.651000+00:00,2019-07-18T16:47:15.633000+00:00,mhddiallo,HS-Gather-2019-Senegal,ab55f71f-9abc-4d82-aa9b-349c436e50eb,Pharmacie Malang Lyss,Corniche bar,+339614718,private,Dr Diedhiou,16.02730758,-16.48905049,37,5,operational,oh_select,Mo Tu We Th Fr Sa,"09:00-18:30
08:00-11:00,12:30-15:00
sunrise-sunset",08:00-22:00,08:00-22:00,08:00-22:00,08:00-22:00,08:00-22:00,08:00-13:00,,,Mo 08:00-22:00; Tu 08:00-22:00; We 08:00-22:00; Th 08:00-22:00; Fr 08:00-22:00; Sa 08:00-13:00; Su off; PH off,,,Mo 08:00-22:00; Tu 08:00-22:00; We 08:00-22:00; Th 08:00-22:00; Fr 08:00-22:00; Sa 08:00-13:00; Su off; PH off,,pharmacy,pharmacy,,imaging_equipment,no,yes,,,,public private,yes,water_works,grid,,,,46b018ea-d6ee-4ccb-bb61-1776733fbf43
20,5e1bd083-016b-479c-a2f6-3dc0483fe96c,2019-07-18T13:06:23.893000+00:00,2019-07-18T16:47:47.859000+00:00,mhddiallo,HS-Gather-2019-Senegal,16d98a31-2318-452b-a38c-4bcb19c3d000,Pharmacie Mame Yacine Bop,"Diamaguene, près du Lycee Charles de Gaulles",+339614189,private,Mame Yacine Bop,16.01991101,-16.4969496,26,5,operational,oh_select,Mo We Tu Th Fr Sa,"09:00-18:30
08:00-11:00,12:30-15:00
sunrise-sunset",08:00-22:00,08:00-22:00,08:00-22:00,08:00-22:00,08:00-22:00,08:00-13:00,,,Mo 08:00-22:00; Tu 08:00-22:00; We 08:00-22:00; Th 08:00-22:00; Fr 08:00-22:00; Sa 08:00-13:00; Su off; PH off,,,Mo 08:00-22:00; Tu 08:00-22:00; We 08:00-22:00; Th 08:00-22:00; Fr 08:00-22:00; Sa 08:00-13:00; Su off; PH off,,pharmacy,pharmacy,,,,yes,,,,private,no,water_works,grid,,,,cb214155-ffaf-48fb-8831-bd5c818c8005
21,19d203fe-fc82-4aaa-981d-f1b64a6fbc5c,2019-07-18T12:43:53.556000+00:00,2019-07-18T16:48:44.673000+00:00,mhddiallo,HS-Gather-2019-Senegal,134d0162-a3b8-42cb-85ce-5f07b8e6d629,Pharmacie Mame Madia,Diamaguene,,private,Mame Madia,16.02527803,-16.49644375,42,5,operational,oh_select,Mo Tu We Th Fr Sa,"09:00-18:30
08:00-11:00,12:30-15:00
sunrise-sunset",08:00-22:00,08:00-22:00,08:00-22:00,08:00-22:00,08:00-22:00,08:00-13:00,,,Mo 08:00-22:00; Tu 08:00-22:00; We 08:00-22:00; Th 08:00-22:00; Fr 08:00-22:00; Sa 08:00-13:00; Su off; PH off,,,Mo 08:00-22:00; Tu 08:00-22:00; We 08:00-22:00; Th 08:00-22:00; Fr 08:00-22:00; Sa 08:00-13:00; Su off; PH off,,pharmacy,hospital,,,no,yes,,,,private,yes,water_works,grid,,,,d77820d0-ba2f-4e44-9fd9-2d78ea6a1163
22,a6bb8452-fdc6-425c-ac59-2e943b2c28bf,2019-07-18T12:08:48.899000+00:00,2019-07-18T16:49:38.469000+00:00,mhddiallo,HS-Gather-2019-Senegal,c754e6f6-0373-48a3-aecc-863293c3c7fe,Pharmacie khadim rassoul,"Avenue general de gaulles, Sor",+339613440,private,Dr Ousseynou Seck,16.02400603,-16.49387402,39,5,operational,oh_select,Mo Tu We Th Fr Sa,"09:00-18:30
08:00-11:00,12:30-15:00
sunrise-sunset",08:00-22:00,08:00-22:00,08:00-22:00,08:00-22:00,08:00-22:00,08:00-13:00,,,Mo 08:00-22:00; Tu 08:00-22:00; We 08:00-22:00; Th 08:00-22:00; Fr 08:00-22:00; Sa 08:00-13:00; Su off; PH off,,,Mo 08:00-22:00; Tu 08:00-22:00; We 08:00-22:00; Th 08:00-22:00; Fr 08:00-22:00; Sa 08:00-13:00; Su off; PH off,,pharmacy,pharmacy,,intensive_care_unit,no,yes,,1,,private,yes,water_works,grid,,,,5df8d439-43e9-4728-8ae9-871ca9887a40
23,7ba2f77e-c0bc-4951-bb7b-d3c0ff6d0e5e,2019-07-18T11:11:26.050000+00:00,2019-07-18T16:50:47.723000+00:00,mhddiallo,HS-Gather-2019-Senegal,9a72914c-eb15-467d-82f6-f6f64a4bce73,Pharmacie du fleuve,Avenue Moustapha malick gueye,+339617618,private,Dr Moussa Ba,16.02064191,-16.49101999,32,5,operational,oh_select,Mo Tu We Th Fr Sa,"09:00-18:30
08:00-11:00,12:30-15:00
sunrise-sunset",08:00-22:00,08:00-22:00,08:00-22:00,08:00-22:00,08:00-22:00,08:00-13:00,,,Mo 08:00-22:00; Tu 08:00-22:00; We 08:00-22:00; Th 08:00-22:00; Fr 08:00-22:00; Sa 08:00-13:00; Su off; PH off,,,Mo 08:00-22:00; Tu 08:00-22:00; We 08:00-22:00; Th 08:00-22:00; Fr 08:00-22:00; Sa 08:00-13:00; Su off; PH off,,pharmacy,pharmacy,,,no,yes,,,,private,yes,water_works,grid,,,,ecdcf3af-5814-43d0-a445-d75cb5e8f36e
24,29deab9a-39c0-4475-b97a-d5b27df16b76,2019-07-18T12:26:07.429000+00:00,2019-07-18T12:41:48.459000+00:00,AssaneChrif,HS-Gather-2019-Senegal,00c748a7-10e7-4875-9a66-d159e629ad7c,Case de Santé deTouba Guéne,Village de Touba Guéne,,public,Ministère de la santé et de l'action sociale,15.86120785,-16.39220984,49,6,operational,oh_weekday,,,,,,,,,,,,09:00-18:00,,Mo-Fr 09:00-18:00; PH off,,doctors,doctor,,,no,,0,0,0,no,no,water_works,none,,,,14dcd228-59a7-4a79-9f4e-911b49e6811b
25,ce2d1b3e-77b8-4f72-823d-4a278dfa0cad,2019-07-18T11:50:49.571000+00:00,2019-07-18T15:50:00.657000+00:00,AssaneChrif,HS-Gather-2019-Senegal,e348fb89-10fc-42a4-b912-7daf1682d001,Case de santé de Gantour,Village de Gantour,,public,Ministère de la santé et de l'action sociale,15.89188218,-16.42632963,36,5,operational,oh_weekday,,,,,,,,,,,,09:00-18:00,,Mo-Fr 09:00-18:00; PH off,,doctors,doctor,,,no,,0,0,0,no,no,water_works,grid,,,,8a340966-8c68-4794-9643-6265049d0947
26,a9d3829a-f533-4b4c-b12c-5dc164e121dd,2019-07-18T11:24:51.756000+00:00,2019-07-18T15:47:53.290000+00:00,AssaneChrif,HS-Gather-2019-Senegal,cc2429ce-53ad-46e7-bd91-113b1beff8ed,Case de Santé de Ndialakhar Wolof,Village de Ndialakhar Wolof,,public,Ministère de la santé et de l'action sociale,15.98486112,-16.37700817,30,6,operational,oh_weekday,,,,,,,,,,,,09:00-18:00,,Mo-Fr 09:00-18:00; PH off,,doctors,doctor,,,no,,0,0,0,no,no,water_works,none,,,,92f95234-3f86-4410-8943-d1e01b8bc86f
27,c2fed6ce-57c6-46f5-9724-67b2ba16879d,2019-07-18T10:54:26.782000+00:00,2019-07-18T15:47:05.021000+00:00,AssaneChrif,HS-Gather-2019-Senegal,8310c8a7-c45d-4f1c-a1f4-fe54286348bf,Case de Santé Ngué Gallakh Peulh,Village de Ngué Ngalalh Peulh,,public,Ministère de la santé et de l'action sociale,15.97175371,-16.37086306,27,5,operational,oh_weekday,,,,,,,,,,,,09:00-18:00,,Mo-Fr 09:00-18:00; PH off,,doctors,doctor,,,no,,0,0,0,no,yes,powered_pump,solar,,,,bf89446d-3836-45d4-ac27-f927eee2cebb
28,e31cf119-7109-439c-8349-51b74a73095f,2019-07-18T10:35:55.074000+00:00,2019-07-18T10:41:17.209000+00:00,AssaneChrif,HS-Gather-2019-Senegal,185c7b36-537b-4b5f-93dd-46f6595138cd,Case de Santé Ndiakhip Niang,Village de Ndiakhip Niang,,public,Ministère de la santé et de l'action sociale ,15.92250508,-16.36528188,46,5,operational,oh_weekday,,,,,,,,,,,,09:00-18:00,,Mo-Fr 09:00-18:00; PH off,,doctors,doctor,,,no,,0,0,0,no,yes,well,none,,,,705ab75d-2dca-44f3-9d58-53b00110496d
29,89023809-ffeb-4e7b-a741-b66a18a8d7dc,2019-07-18T09:39:46.937000+00:00,2019-07-18T09:48:23.842000+00:00,AssaneChrif,HS-Gather-2019-Senegal,a5c7af64-5fe2-4718-85e3-e41ae288d38e,Poste de santé de Rao,Rao gare,,public,Ministère de la santé et de l'action sociale,15.91991554,-16.3976165,38,5,operational,oh_weekday,,,,,,,,,,,,09:00-18:00,,Mo-Fr 09:00-18:00; PH off,,doctors,doctor pharmacy,,,no,,1,0,1,no,no,water_works,grid,,,,8c9b57d4-a641-4f08-aefd-7768dcc69b57
30,71e19d7c-9420-44c7-99e6-81d1bb8a5cfa,2019-07-18T13:35:16.245000+00:00,2019-07-18T15:56:11.739000+00:00,Cheikhounabamba,HS-Gather-2019-Senegal,34eb4a77-394c-4c8c-a8dd-daa0dc9ceaaa,Case de Santé de Ndièl mbam,Ndièl mbam,,public,Ministère de la santé et de l'action sociale,15.94002774,-16.49318294,41,5,non_operational,oh_select,Tu Mo Th,"09:00-18:30
08:00-11:00,12:30-15:00
sunrise-sunset",09:00-18:30,09:00-18:30,,09:00-18:30,,,,,Mo 09:00-18:30; Tu 09:00-18:30; We off; Th 09:00-18:30; Fr off; Sa off; Su off; PH off,,,Mo 09:00-18:30; Tu 09:00-18:30; We off; Th 09:00-18:30; Fr off; Sa off; Su off; PH off,,doctors,doctor,,,no,,0,0,0,public,no,well,none,,,,d5c3d814-29c1-4182-91c9-c0e36e2f0605
31,57ab4c4d-5ca2-4d46-bcbd-b258f25efdb3,2019-07-18T12:33:29.844000+00:00,2019-07-18T13:03:02.608000+00:00,Cheikhounabamba,HS-Gather-2019-Senegal,818b5338-db7e-47e0-81c9-aea84a7eab55,Case de Santé de Leybar Boye,Leybar Boye,+221784704317,public,Ministère de la santé et de l'action,15.98260408,-16.46810453,29,5,operational,oh_select,Mo Tu We Th Fr,"09:00-18:30
08:00-11:00,12:30-15:00
sunrise-sunset",09:00-18:30,09:00-18:30,09:00-18:30,09:00-18:30,09:00-18:30,,,,Mo 09:00-18:30; Tu 09:00-18:30; We 09:00-18:30; Th 09:00-18:30; Fr 09:00-18:30; Sa off; Su off; PH off,,,Mo 09:00-18:30; Tu 09:00-18:30; We 09:00-18:30; Th 09:00-18:30; Fr 09:00-18:30; Sa off; Su off; PH off,,doctors,doctor,,,no,,0,0,0,public,no,water_works,grid,,,,ce7ecd67-2c1e-44cb-978b-ee14b5cc1988
32,29e1e6f1-380c-43bc-9fb5-a863f41b21d5,2019-07-18T10:16:56.296000+00:00,2019-07-18T10:48:33.143000+00:00,Cheikhounabamba,HS-Gather-2019-Senegal,5a311851-1b98-4f7b-ad55-d18b585d7425,Case de Santé de Ngaye Ngaye,Ngaye Ngaye,+221703078139,public,Ministère de la santé et de l'action sociale ,15.95843017,-16.45431949,26,6,operational,oh_select,Mo Tu Th We Fr,"09:00-18:30
08:00-11:00,12:30-15:00
sunrise-sunset",08:00-13:00,08:00-13:00,08:00-13:00,08:00-13:00,08:00-13:00,,,,Mo 08:00-13:00; Tu 08:00-13:00; We 08:00-13:00; Th 08:00-13:00; Fr 08:00-13:00; Sa off; Su off; PH off,,,Mo 08:00-13:00; Tu 08:00-13:00; We 08:00-13:00; Th 08:00-13:00; Fr 08:00-13:00; Sa off; Su off; PH off,,doctors,pharmacy doctor,,,no,,0,0,0,public,no,water_works,grid,,,,541d8da3-4b38-470b-b97b-01d6d075e0ba
33,222aa716-abb1-471d-b8b4-5e58c6fcdb22,2019-07-18T08:39:41.805000+00:00,2019-07-18T08:51:19.044000+00:00,Cheikhounabamba,HS-Gather-2019-Senegal,9f8cb0c1-7c3a-4567-b514-9123493ba81e,Poste de santé de Gandon,Gandon,+221779477030,public,Ministère de la santé et de l'action sociale ,15.96309671,-16.44680469,41,5,operational,oh_select,Mo Tu We Th Fr Sa,"09:00-18:30
08:00-11:00,12:30-15:00
sunrise-sunset","08:30-14:00,15:00-16:00","08:30-14:00,15:00-16:00","08:30-14:00,15:00-16:00","08:30-14:00,15:00-16:00","08:30-14:00,15:00-16:00","08:30-14:00,15:00-16:00",,,"Mo 08:30-14:00,15:00-16:00; Tu 08:30-14:00,15:00-16:00; We 08:30-14:00,15:00-16:00; Th 08:30-14:00,15:00-16:00; Fr 08:30-14:00,15:00-16:00; Sa 08:30-14:00,15:00-16:00; Su off; PH off",,,"Mo 08:30-14:00,15:00-16:00; Tu 08:30-14:00,15:00-16:00; We 08:30-14:00,15:00-16:00; Th 08:30-14:00,15:00-16:00; Fr 08:30-14:00,15:00-16:00; Sa 08:30-14:00,15:00-16:00; Su off; PH off",,doctors,doctor pharmacy birthing_center,,,no,,5,0,6,public,no,water_works,grid,,,,355c6c27-af38-4f94-896a-136f41be2a54
34,20e42a0b-d9cc-4b91-94db-f8983dd15c50,2019-07-18T11:15:59.880000+00:00,2019-07-18T16:20:43.131000+00:00,KhadidiatouSonko,HS-Gather-2019-Senegal,afdba356-c86b-4e7c-9f82-9acf0c52465b,Case de santé de Ndiakhere,Ndiakhère,+221773362288,public,Ministère de la Santé et de l'action sociale,15.93412504,-16.45210356,25,5,operational,oh_select,Mo Tu Th We Fr,"08:00-13:00
08:00-11:00,12:30-15:00
sunrise-sunset",08:00-13:00,08:00-13:00,08:00-13:00,08:00-13:00,08:00-13:00,,,,Mo 08:00-13:00; Tu 08:00-13:00; We 08:00-13:00; Th 08:00-13:00; Fr 08:00-13:00; Sa off; Su off; PH off,,,Mo 08:00-13:00; Tu 08:00-13:00; We 08:00-13:00; Th 08:00-13:00; Fr 08:00-13:00; Sa off; Su off; PH off,,doctors,pharmacy,,,no,,0,0,0,no,no,water_works,none,,,,52ec2f57-e6ab-40c5-bf99-236f12043841
35,2e0b5e0e-96ea-4564-b1b6-77e71b3c6c36,2019-07-18T09:21:56.433000+00:00,2019-07-18T16:19:07.541000+00:00,KhadidiatouSonko,HS-Gather-2019-Senegal,1f1f8c0c-fd45-4ab9-83a7-8d7529f56a0f,Case de santé Ndiebene Toubé,Ndièbene Toubé,+221774055364,public,Ministère de la Santé et de l'action sociale,15.98485161,-16.44232482,30,5,operational,oh_select,Mo Tu We Th Fr,"09:00-18:30
08:00-11:00,12:30-15:00
sunrise-sunset",09:00-18:00,09:00-18:00,09:00-18:00,09:00-18:00,09:00-18:00,,,,Mo 09:00-18:00; Tu 09:00-18:00; We 09:00-18:00; Th 09:00-18:00; Fr 09:00-18:00; Sa off; Su off; PH off,,,Mo 09:00-18:00; Tu 09:00-18:00; We 09:00-18:00; Th 09:00-18:00; Fr 09:00-18:00; Sa off; Su off; PH off,,doctors,pharmacy,,,no,,0,0,0,no,no,water_works,none,,,,b61c57e5-9d50-42e5-bfc5-dc30517a4937
36,5a79c61e-9f8f-4505-a73a-29240f0d2da7,2019-07-18T13:33:37.502000+00:00,2019-07-18T14:06:38.983000+00:00,cheikhounacasset,HS-Gather-2019-Senegal,7e94af64-6470-4bf1-8c0f-1dff843d4be1,Case de santé keur Barka,keur Barka,,public,Ministère de la santé,15.96297702,-16.48134132,32,3,,oh_select,Tu Mo We Th Fr Sa Su,09:00-18:00,09:00-18:00,09:00-18:00,09:00-18:00,09:00-18:00,09:00-18:00,09:00-18:00,09:00-18:00,,Mo 09:00-18:00; Tu 09:00-18:00; We 09:00-18:00; Th 09:00-18:00; Fr 09:00-18:00; Sa 09:00-18:00; Su 09:00-18:00; PH off,,,Mo 09:00-18:00; Tu 09:00-18:00; We 09:00-18:00; Th 09:00-18:00; Fr 09:00-18:00; Sa 09:00-18:00; Su 09:00-18:00; PH off,,doctors,doctor,,,no,,0,0,0,no,no,,,,,,ffe060e1-3652-4f30-be66-bd20d980c9ee
37,8884ed9a-376b-4f19-aece-24aa4f191896,2019-07-18T12:11:33.078000+00:00,2019-07-18T12:15:25.731000+00:00,cheikhounacasset,HS-Gather-2019-Senegal,5590aaba-df40-4419-b456-58b6595bb3fd,Case de santé de Mbaultim,Case de santé de Mbaultim,,public,Ministère de la santé ,15.84411941,-16.43798995,45,5,operational,oh_select,Mo Tu We Th Fr Sa Su,"09:00-18:00
","09:00-18:00
","09:00-18:00
","09:00-18:00
","09:00-18:00
","09:00-18:00
","09:00-18:00
","09:00-18:00
",,"Mo 09:00-18:00
; Tu 09:00-18:00
; We 09:00-18:00
; Th 09:00-18:00
; Fr 09:00-18:00
; Sa 09:00-18:00
; Su 09:00-18:00
; PH off",,,"Mo 09:00-18:00
; Tu 09:00-18:00
; We 09:00-18:00
; Th 09:00-18:00
; Fr 09:00-18:00
; Sa 09:00-18:00
; Su 09:00-18:00
; PH off",,doctors,doctor,,,no,,0,0,0,no,no,well,other,,,,a4ae8f89-b6af-4d64-9a9d-33835a837847
38,3af3bea7-cb8a-4e9d-b716-350e1283cf9c,2019-07-18T10:55:10.272000+00:00,2019-07-18T11:25:40.385000+00:00,cheikhounacasset,HS-Gather-2019-Senegal,fb919df9-6cde-4113-ba10-b696cbbaa580,Case de santé de Ndiallakhar peulh,Ndiallakhar peulh,,public,Ministère de la santé,15.98820692,-16.35756676,40,5,operational,oh_select,Mo Th Fr We Tu Sa Su,09:00-18:00,09:00-18:00,09:00-18:00,09:00-18:00,09:00-18:00,09:00-18:00,09:00-18:00,09:00-18:00,,Mo 09:00-18:00; Tu 09:00-18:00; We 09:00-18:00; Th 09:00-18:00; Fr 09:00-18:00; Sa 09:00-18:00; Su 09:00-18:00; PH off,,,Mo 09:00-18:00; Tu 09:00-18:00; We 09:00-18:00; Th 09:00-18:00; Fr 09:00-18:00; Sa 09:00-18:00; Su 09:00-18:00; PH off,,doctors,doctor,,,no,,0,0,0,no,no,well,solar,,,,34aa1fb6-79b1-4e49-b4f1-e83590ef3524
39,78b1c73b-dc41-4ddd-b98b-b96cf175f17f,2019-07-18T10:47:47.838000+00:00,2019-07-18T11:26:19.229000+00:00,cheikhounacasset,HS-Gather-2019-Senegal,a46a8d77-ec4b-45a1-979c-d0a5ff1e5d1a,Case de santé de ngui guelakhe wolof,ngui guelakhe wolof,,public,Ministère de la santé,15.93652625,-16.37666199,24,5,operational,oh_select,Mo Tu We Th Fr Sa Su,09:00-18:0,09:00-18:0,09:00-18:0,09:00-18:0,09:00-18:0,09:00-18:0,09:00-18:0,09:00-18:0,,Mo 09:00-18:0; Tu 09:00-18:0; We 09:00-18:0; Th 09:00-18:0; Fr 09:00-18:0; Sa 09:00-18:0; Su 09:00-18:0; PH off,,,Mo 09:00-18:0; Tu 09:00-18:0; We 09:00-18:0; Th 09:00-18:0; Fr 09:00-18:0; Sa 09:00-18:0; Su 09:00-18:0; PH off,,doctors,doctor,,,no,,0,0,0,no,no,well,grid,,,,cf5039d1-b6fa-4a4e-bf4e-bd1408d27062
40,fb5adb2b-ef96-494d-9cae-55ab8416d33f,2019-07-18T09:38:31.168000+00:00,2019-07-18T11:26:30.920000+00:00,cheikhounacasset,HS-Gather-2019-Senegal,3ef79942-2fff-48f3-99ae-1abea34ca475,Maternité de Rao,Rao,,public,Ministère de la santé,15.91973059,-16.39743696,42,5,operational,oh_24_7,,,,,,,,,,,,,,24/7,,doctors,birthing_center,,emergency_department,yes,,2,0,1,no,yes,water_works,grid,,,,586f37d4-b9d5-426c-900e-eb7c01eac44f
41,2137b213-7697-4223-9475-8be2eecdcd06,2019-07-18T10:49:57.275000+00:00,2019-07-18T11:25:09.958000+00:00,NdeyeKhadyNdoye,HS-Gather-2019-Senegal,e476f2f5-20d5-4d4a-aefa-d0c09c5ac100,"Zone militaire n°2
Centre médical Garnison Saint-Louis","Nord, Saint-Louis",+221339613940,government,Zone militaire Garnison,16.03433799,-16.50345035,33,5,operational,oh_24_7,,,,,,,,,,,,,,24/7,,doctors,laboratory doctor pharmacy alternative,,laboratory mri emergency_department,yes,,16,4,21,private public,yes,water_works,grid,,,,84dfd16a-86bd-48d0-adce-9c62e8850a55
42,2fb2785d-6df0-453f-8964-76c9be34483e,2019-07-18T10:33:19.795000+00:00,2019-07-18T11:18:23.773000+00:00,NdeyeKhadyNdoye,HS-Gather-2019-Senegal,eb2a3a84-056b-48f2-881c-3d12c2eba8aa,Pharmacie RAZAKH,"Nord, Saint-Louis",+221339616566,private,Docteur Aminata B.DIAGNE,16.03295795,-16.50381102,36,5,operational,oh_select,Mo Tu We Th Fr Sa,"09:00-18:30
08:00-11:00,12:30-15:00
sunrise-sunset","08:00-11:00,12:30-22:00",08:00-22:00,08:00-22:00,08:00-22:00,08:00-22:00,08:00-22:00,,,"Mo 08:00-11:00,12:30-22:00; Tu 08:00-22:00; We 08:00-22:00; Th 08:00-22:00; Fr 08:00-22:00; Sa 08:00-22:00; Su off; PH off",,,"Mo 08:00-11:00,12:30-22:00; Tu 08:00-22:00; We 08:00-22:00; Th 08:00-22:00; Fr 08:00-22:00; Sa 08:00-22:00; Su off; PH off",,pharmacy,pharmacy,,,,yes,,,,no,no,water_works,grid,,,,4cdafe33-48dc-481c-ad12-e052b9448d70
43,fff43ae1-bf26-4b27-ae96-994b4fbe5f1e,2019-07-18T10:19:34.349000+00:00,2019-07-18T11:34:39.293000+00:00,NdeyeKhadyNdoye,HS-Gather-2019-Senegal,1e9d0ee4-0a90-4c9a-8c99-fdf5f4864a67,Clinique Médicale Dr VENN,"Nord, rue Ablaye Seck Marie Parsine",,private,Docteur Charles VENN,16.02824652,-16.50410908,35,6,operational,oh_select,Mo Tu We Th Fr,"09:00-18:30
08:00-11:00,12:30-15:00
sunrise-sunset",09:00-14:00,09:00-14:00,09:00-14:00,09:00-14:00,09:00-14:00,,,,Mo 09:00-14:00; Tu 09:00-14:00; We 09:00-14:00; Th 09:00-14:00; Fr 09:00-14:00; Sa off; Su off; PH off,,,Mo 09:00-14:00; Tu 09:00-14:00; We 09:00-14:00; Th 09:00-14:00; Fr 09:00-14:00; Sa off; Su off; PH off,,clinic,doctor clinic,,,,,,1,,private,no,water_works,grid,,,,fc1896eb-0d2a-4aaa-8b69-78da8db57d70
44,7d78d6d3-24d5-43a2-be0e-fe7634490f06,2019-07-18T09:56:42.556000+00:00,2019-07-18T10:14:51.727000+00:00,NdeyeKhadyNdoye,HS-Gather-2019-Senegal,eafec67e-6e1a-460e-989a-62f9221eba7c,Cabinet Dentaire Horizon 2050,"Nord, rue de France en face la BICIS",,private,Docteur Abdoulaye NDOYE,16.02719426,-16.50503377,29,8,operational,oh_select,Mo Tu We Th Fr Sa,"09:00-18:30
08:00-11:00,12:30-15:00
sunrise-sunset","08:30-13:00,15:00-18:00","08:30-13:00,15:00-18:00","08:30-13:00,15:00-18:00","08:30-13:00,15:00-18:00","08:30-13:00,15:00-18:00","08:30-13:00,15:00-18:00",,,"Mo 08:30-13:00,15:00-18:00; Tu 08:30-13:00,15:00-18:00; We 08:30-13:00,15:00-18:00; Th 08:30-13:00,15:00-18:00; Fr 08:30-13:00,15:00-18:00; Sa 08:30-13:00,15:00-18:00; Su off; PH off",,,"Mo 08:30-13:00,15:00-18:00; Tu 08:30-13:00,15:00-18:00; We 08:30-13:00,15:00-18:00; Th 08:30-13:00,15:00-18:00; Fr 08:30-13:00,15:00-18:00; Sa 08:30-13:00,15:00-18:00; Su off; PH off",,dentist,dentist,,laboratory,yes,,1,3,,private,yes,water_works,grid,,,,14b46cc1-f077-4a2b-a28f-17b7847dc21d
45,5cfdd9ee-30c5-4e2b-b091-6814ad5cd984,2019-07-18T09:36:34.496000+00:00,2019-07-18T11:22:40.101000+00:00,NdeyeKhadyNdoye,HS-Gather-2019-Senegal,cd0c1830-5b35-4f07-8eb0-c5a41aad675c,Pharmacie Centrale,"Nord, rue Khalifa Ababacar SARR",+221339613327,private,Docteur O. BAO,16.0266887,-16.50483806,37,7,operational,oh_select,Mo Tu Th We Fr,"09:00-18:30
08:00-11:00,12:30-15:00
sunrise-sunset",08:00-22:00,08:00-22:00,08:00-22:00,08:00-22:00,08:00-22:00,,,,Mo 08:00-22:00; Tu 08:00-22:00; We 08:00-22:00; Th 08:00-22:00; Fr 08:00-22:00; Sa off; Su off; PH off,,,Mo 08:00-22:00; Tu 08:00-22:00; We 08:00-22:00; Th 08:00-22:00; Fr 08:00-22:00; Sa off; Su off; PH off,,pharmacy,pharmacy,,,no,yes,,1,,no,yes,water_works,grid,,,,da6ea6f8-797b-4832-bafb-9215d554f1a3
46,ba7db9df-2a14-46d5-b615-55e36d0a8867,2019-07-18T11:02:51.716000+00:00,2019-07-18T11:09:19.972000+00:00,Ibou1003,HS-Gather-2019-Senegal,500bfc52-21a5-4035-81bc-ee83a42eddc1,Pharmacie Kandji,,+221339611095,private,Private,16.02682005,-16.50507267,30,5,operational,oh_select,Tu We Th Mo Fr Sa,"09:00-18:30
08:00-11:00,12:30-15:00
sunrise-sunset",08:00-22:00,08:00-22:00,08:00-22:00,08:00-22:00,08:00-22:00,08:00-22:00,,,Mo 08:00-22:00; Tu 08:00-22:00; We 08:00-22:00; Th 08:00-22:00; Fr 08:00-22:00; Sa 08:00-22:00; Su off; PH off,,,Mo 08:00-22:00; Tu 08:00-22:00; We 08:00-22:00; Th 08:00-22:00; Fr 08:00-22:00; Sa 08:00-22:00; Su off; PH off,,pharmacy,pharmacy,,,no,yes,,,,unknown,no,water_works,grid,,,,21a0b99a-1c4e-48c4-acb1-7483c9918dda
47,0347d7ca-14c1-424e-88e0-693d8887c5c6,2019-07-18T10:42:29.402000+00:00,2019-07-18T10:55:55.484000+00:00,Ibou1003,HS-Gather-2019-Senegal,0d4939f6-17e1-46bd-9d1d-2e25403d7279,Clinique Ndiaye,"Quai Henry Jay, île Sud",+221339613400,private,Private,16.02305523,-16.50410397,47,5,operational,oh_24_7,,,,,,,,,,,,,,24/7,,clinic,doctor optometrist birthing_center laboratory clinic dentist rehabilitation,,ultrasound operating_theater laboratory imaging_equipment emergency_department intensive_care_unit,yes,,,,,unknown,yes,water_works,grid,,,,97135654-fe93-4f45-bcde-c30838412b58
48,e52bb55c-01d6-4440-9692-7782da372b45,2019-07-17T11:04:15.224000+00:00,2019-07-17T18:32:30.526000+00:00,KhadidiatouSonko,HS-Gather-2019-Senegal,d882f1c8-327e-4b3a-9518-0dd727e32418,Pharmacie Guet Ndarienne,Rue poto,+221339616473,private,Dr Astou Niang Wade,16.02242885,-16.508768,35,5,operational,oh_select,Mo Tu We Th Fr Sa,"09:00-18:30
08:00-11:00,12:30-15:00
sunrise-sunset",08:00-22:00,08:00-22:00,08:00-22:00,08:00-22:00,08:00-22:00,08:00-13:00,,,Mo 08:00-22:00; Tu 08:00-22:00; We 08:00-22:00; Th 08:00-22:00; Fr 08:00-22:00; Sa 08:00-13:00; Su off; PH off,,,Mo 08:00-22:00; Tu 08:00-22:00; We 08:00-22:00; Th 08:00-22:00; Fr 08:00-22:00; Sa 08:00-13:00; Su off; PH off,,pharmacy,pharmacy,,,no,yes,,2,,no,no,water_works,grid,,,,2d42486d-c75c-4b45-8fed-f6bf3d96af64
49,0f24f063-32e3-487f-8019-10da8468a6ef,2019-07-17T10:42:55.645000+00:00,2019-07-17T18:32:46.265000+00:00,KhadidiatouSonko,HS-Gather-2019-Senegal,02d6dc25-c686-4883-a1b7-a981c24ef9b3,Pharmacie Rokhaya Gaye,Guet Ndar en face monument,+221339618657,private,Dr Thioro Diagne,16.02612707,-16.50842668,32,5,operational,oh_select,We Mo Tu Th Fr Sa,"09:00-18:30
08:00-11:00,12:30-15:00
sunrise-sunset",08:00-22:00,08:00-22:00,08:00-22:00,08:00-22:00,08:00-22:00,08:00-13:00,,,Mo 08:00-22:00; Tu 08:00-22:00; We 08:00-22:00; Th 08:00-22:00; Fr 08:00-22:00; Sa 08:00-13:00; Su off; PH off,,,Mo 08:00-22:00; Tu 08:00-22:00; We 08:00-22:00; Th 08:00-22:00; Fr 08:00-22:00; Sa 08:00-13:00; Su off; PH off,,pharmacy,pharmacy,,,no,yes,0,1,0,private,no,water_works,grid,,,,b8dac429-98a3-4584-94b9-68d4075c16a7
50,156d61d1-f262-4024-924e-0081cc76ef7b,2019-07-17T10:07:22.865000+00:00,2019-07-17T18:32:25.270000+00:00,KhadidiatouSonko,HS-Gather-2019-Senegal,0f9b1bb6-e3d5-4856-87f6-e96b5c4a5c95,Pharmacie Bineta Diagne,Avenue Ndar Toute,+221339612381,private,Dr Ndeye Awa Diagne,16.02910244,-16.50807733,55,5,operational,oh_select,Mo Tu We Th Fr Sa PH,"09:00-18:30
08:00-11:00,12:30-15:00
sunrise-sunset",08:00-22:00,08:00-22:00,08:00-22:00,08:00-22:00,08:00-22:00,08:00-13:00,,08:00-22:00,Mo 08:00-22:00; Tu 08:00-22:00; We 08:00-22:00; Th 08:00-22:00; Fr 08:00-22:00; Sa 08:00-13:00; Su off; PH 08:00-22:00,,,Mo 08:00-22:00; Tu 08:00-22:00; We 08:00-22:00; Th 08:00-22:00; Fr 08:00-22:00; Sa 08:00-13:00; Su off; PH 08:00-22:00,,pharmacy,pharmacy,,,no,yes,0,1,1,private,no,water_works,grid,,,,ed205dcc-866b-438e-80c3-f9a6f86fec79
51,dedbc133-c242-48f3-a864-5f386fafafb8,2019-07-17T15:30:51.843000+00:00,2019-07-17T18:32:04.598000+00:00,KhadidiatouSonko,HS-Gather-2019-Senegal,72fff6ec-8c06-4495-b807-e82c137cf48f,Poste de Santé Sud,Rue Bourmeister,+221773553322,public,Ministère de la Santé et de l'action sociale,16.02278131,-16.50533661,48,5,operational,oh_select,Mo Tu We Th Fr,"08:00-16:00
08:00-11:00,12:30-15:00
sunrise-sunset",08:00-16:00,08:00-16:00,08:00-16:00,08:00-16:00,08:00-16:00,,,,Mo 08:00-16:00; Tu 08:00-16:00; We 08:00-16:00; Th 08:00-16:00; Fr 08:00-16:00; Sa off; Su off; PH off,,,Mo 08:00-16:00; Tu 08:00-16:00; We 08:00-16:00; Th 08:00-16:00; Fr 08:00-16:00; Sa off; Su off; PH off,,doctors,doctor,,ultrasound,no,,0,0,3,public,no,water_works,grid,,,,74959c5c-27ab-4053-a9a3-d3df07b586ac
52,135830cd-dd5f-4e48-b7c4-57d781b2943f,2019-07-17T15:22:14.512000+00:00,2019-07-17T18:31:58.336000+00:00,KhadidiatouSonko,HS-Gather-2019-Senegal,5e9f8115-bf58-4789-9c5f-318b761ee1d3,Pharmacie Serigne Abdoul Aziz Sy,"Quartizr Sud, rue Bourmeister",+221339613129,private,Dr Mansour Diene,16.02267641,-16.50503864,34,5,operational,oh_select,Mo Tu We Th Fr Sa,"08:00-22:00
08:00-11:00,12:30-15:00
sunrise-sunset",08:00-22:00,08:00-22:00,08:00-22:00,08:00-22:00,08:00-22:00,08:00-13:00,,,Mo 08:00-22:00; Tu 08:00-22:00; We 08:00-22:00; Th 08:00-22:00; Fr 08:00-22:00; Sa 08:00-13:00; Su off; PH off,,,Mo 08:00-22:00; Tu 08:00-22:00; We 08:00-22:00; Th 08:00-22:00; Fr 08:00-22:00; Sa 08:00-13:00; Su off; PH off,,pharmacy,pharmacy,,,no,yes,,2,,public private,no,water_works,grid,,,,dbbf3a84-a9ed-4eb3-a319-a00538c4463c
53,45a7dfa3-6127-428b-b625-ddcf48db7dbe,2019-07-17T10:27:14.595000+00:00,2019-07-17T18:31:52.658000+00:00,KhadidiatouSonko,HS-Gather-2019-Senegal,efddefbf-bd01-46bb-b302-3d616b3836f8,Poste de Santé  Ndar Toute,Avenue Ndar Toute,+221775158164,public,Ministère de la Santé et de l'action sociale,16.0286367,-16.50825201,28,5,operational,oh_24_7,,,,,,,,,,,,,,24/7,,doctors,doctor pharmacy birthing_center,,,no,,9,0,5,public,yes,water_works,grid,,,,be4bff67-4660-4816-b4da-053a283717db
54,ad6117d2-14c0-4d36-b627-2f07c3a3014c,2019-07-16T14:54:48.175000+00:00,2019-07-17T18:31:47.868000+00:00,KhadidiatouSonko,HS-Gather-2019-Senegal,ba4fc35b-9f65-4994-a4f3-1587bd04a3bc,Pharmacie Cheikh Ousmane Mbacke,Route de khor,+221339612368,private,Dr Moussé Fall,16.02539978,-16.48771324,37,5,operational,oh_select,Mo Tu We Th Fr Sa,"09:00-18:30
08:00-11:00,12:30-15:00
sunrise-sunset",08:00- 22:00,08:00- 22:00,08:00- 22:00,08:00- 22:00,08:00- 22:00,08:00- 13:00,,,Mo 08:00- 22:00; Tu 08:00- 22:00; We 08:00- 22:00; Th 08:00- 22:00; Fr 08:00- 22:00; Sa 08:00- 13:00; Su off; PH off,,,Mo 08:00- 22:00; Tu 08:00- 22:00; We 08:00- 22:00; Th 08:00- 22:00; Fr 08:00- 22:00; Sa 08:00- 13:00; Su off; PH off,,pharmacy,pharmacy,,,no,yes,0,0,0,public private,no,water_works,grid,,,,c7b34aa1-ec6e-4dbb-9843-01e731c1aeb1
55,04225a3b-d543-437c-99e0-6f42614a35ec,2019-07-17T11:41:45.197000+00:00,2019-07-17T18:25:20.104000+00:00,Cheikhounabamba,HS-Gather-2019-Senegal,879d585a-ffb8-4c3e-8627-969eb37ab2ca,Poste de santé de Guet-Ndar,Guet Ndar rue Fara Gaye,+221339616701,public,Ministère de la santé et de l'action sociale,16.01924054,-16.50918726,44,8,operational,oh_24_7,,,,,,,,,,,,,,24/7,,doctors,doctor pharmacy birthing_center,,ultrasound,no,,8,0,3,public private,no,water_works,grid,,,,5cca7b5b-4104-4674-93c7-1ef869fbaaa9
56,d5b8e5af-4566-4309-b8e6-c00d445c0d04,2019-07-17T13:18:05.184000+00:00,2019-07-17T18:25:01.685000+00:00,Cheikhounabamba,HS-Gather-2019-Senegal,a775556d-e3fb-44d4-9ed9-e2024e4bae3f,Hôpital régional de Saint-Louis,Ile de Saint-Louis Quartier Sud Boulevard Abdoulaye Mar Diop,+221775220240,public,Ministère de la santè et de l'action sociale,16.02319106,-16.50590692,33,5,operational,oh_24_7,,,,,,,,,,,,,,24/7,,hospital,doctor pharmacy hospital dentist physiotherapist alternative laboratory optometrist birthing_center,,x_ray ultrasound operating_theater dialysis laboratory imaging_equipment intensive_care_unit emergency_department,yes,,223,47,254,public private,no,water_works,grid,,,,ac26fb29-3c03-4cfb-85f4-360c23629562
57,4705f2ae-b296-46e6-a057-c03be83e1fce,2019-07-17T09:46:21.514000+00:00,2019-07-17T18:24:52.109000+00:00,Cheikhounabamba,HS-Gather-2019-Senegal,199866bc-d70a-4bf4-a6aa-e2475412c155,Pharmacie Khalifa Ababacar Sy,Boulevard Cheikh Abdoulaye Dièye GMB O1,+221339590829,private,Dr Adama Boye,16.03946314,-16.50659868,39,6,operational,oh_select,Mo Tu We Th Fr Sa PH,"09:00-18:30
08:00-11:00,12:30-15:00
sunrise-sunset",08:00-22:00,08:00-22:00,08:00-22:00,08:00-22:00,08:00-22:00,08:00-13:00,,08:00-22:00,Mo 08:00-22:00; Tu 08:00-22:00; We 08:00-22:00; Th 08:00-22:00; Fr 08:00-22:00; Sa 08:00-13:00; Su off; PH 08:00-22:00,,,Mo 08:00-22:00; Tu 08:00-22:00; We 08:00-22:00; Th 08:00-22:00; Fr 08:00-22:00; Sa 08:00-13:00; Su off; PH 08:00-22:00,,pharmacy,pharmacy,,,no,yes,,1,,no,no,water_works,grid,,,,ebe9c3b8-68be-4084-af1e-2c0c990491e4
58,b3802cc1-fa38-4f58-93a9-73afc7c09c17,2019-07-17T16:20:04.108000+00:00,2019-07-17T18:23:36.087000+00:00,mhddiallo,HS-Gather-2019-Senegal,430e1c2b-b96b-41f9-a22b-98ccdcb3b8c5,Case de sante de Ricott,Ricott,,public,Ministère de la santé,15.86532097,-16.48840098,34,5,operational,oh_24_7,,,,,,,,,,,,,,24/7,,doctors,alternative,,intensive_care_unit,no,,,,1,no,no,,none,,,,74346d4a-0dbf-48cb-ae78-d90cf16a7a9b
59,3b30c02e-c0b9-4fde-b59b-010f829bd870,2019-07-17T14:08:54.090000+00:00,2019-07-17T18:23:31.185000+00:00,mhddiallo,HS-Gather-2019-Senegal,d6fc0dfd-d082-4c12-8cf7-082c3f2943e7,Case de sante de Darou Moumbaye,Darou Moumbaye,+221777971388,public,Ministère de la sante,15.83984472,-16.51329892,28,5,operational,oh_24_7,,,,,,,,,,,,,,24/7,,doctors,alternative,,intensive_care_unit,,,0,,1,no,no,water_works,none,,,,ef198845-6f6e-4559-885c-20ff3c7e6f16
60,a381a662-d7aa-47c1-aa9e-61a160f89ba2,2019-07-17T11:49:06.631000+00:00,2019-07-17T18:23:24.705000+00:00,mhddiallo,HS-Gather-2019-Senegal,ae0be9fd-4a45-447c-a294-d5285a01baa8,Case de sante de Mouit,Mouit,+221775235782,public,Ministère de la santé,15.86676647,-16.50679196,36,5,operational,oh_24_7,,,,,,,,,,,,,,24/7,,doctors,birthing_center alternative pharmacy,,intensive_care_unit emergency_department,yes,,5,,1,no,no,water_works,grid,,,,9c665932-41e9-45ae-bad0-a200802dbef2
61,b45fefc2-dc76-45be-a9ed-0b9013dedce4,2019-07-17T10:49:15.251000+00:00,2019-07-17T18:23:18.297000+00:00,mhddiallo,HS-Gather-2019-Senegal,8408f78a-5173-48d8-8adf-f4600bd61440,Pharmacie Gandiol,Tassinere,+221773725845,private,Dr Ahmadou Anta Mar,15.88768301,-16.50705549,40,5,operational,oh_select,Mo Tu We Th Fr Sa,"09:00-18:30
08:00-11:00,12:30-15:00
sunrise-sunset",08:00-22:00,08:00-22:00,08:00-22:00,08:00-22:00,08:00-22:00,08:00-22:00,,,Mo 08:00-22:00; Tu 08:00-22:00; We 08:00-22:00; Th 08:00-22:00; Fr 08:00-22:00; Sa 08:00-22:00; Su off; PH off,,,Mo 08:00-22:00; Tu 08:00-22:00; We 08:00-22:00; Th 08:00-22:00; Fr 08:00-22:00; Sa 08:00-22:00; Su off; PH off,,pharmacy,pharmacy doctor,,,,yes,,,,public private,yes,water_works,grid,,,,d84b40d8-0a8d-422e-b5b5-f0a1aee86b57
62,1d4c79d9-4c3a-46d6-af65-e68f4bb3c675,2019-07-17T14:42:10.016000+00:00,2019-07-17T18:23:57.413000+00:00,Cheikhounabamba,HS-Gather-2019-Senegal,7a0745f4-9197-4c86-8c91-1987dbbeadce,Pharmacie Boulevard du Sud,Boulevard du Sud,+221339615000,private,Dr Amadou Mamadou Alpha Dia,16.02398064,-16.50627321,36,5,operational,oh_select,Mo Tu We Th Fr Sa PH,"09:00-18:30
08:00-11:00,12:30-15:00
sunrise-sunset",07:30-22:00,07:30-22:00,07:30-22:00,07:30-22:00,07:30-22:00,07:30-13:00,,07:30-22:00,Mo 07:30-22:00; Tu 07:30-22:00; We 07:30-22:00; Th 07:30-22:00; Fr 07:30-22:00; Sa 07:30-13:00; Su off; PH 07:30-22:00,,,Mo 07:30-22:00; Tu 07:30-22:00; We 07:30-22:00; Th 07:30-22:00; Fr 07:30-22:00; Sa 07:30-13:00; Su off; PH 07:30-22:00,,pharmacy,pharmacy,,,no,yes,,3,,public private,no,water_works,grid,,,,1eafd745-e16c-435c-9c33-e19bfddbae89
63,e8741974-f85e-4797-9ab6-af142d46f21a,2019-07-17T12:12:05.584000+00:00,2019-07-17T18:22:34.485000+00:00,Cheikhounabamba,HS-Gather-2019-Senegal,3bd87a1c-12ae-4c8c-b9e1-429dad818f8f,Case de Santé du quartier  Hydrobase,Hydrobase,+221773516544,community,Ministère de la santé et de l'action sociale,16.00375703,-16.50955179,31,6,operational,oh_select,Mo Tu We Th Fr,"09: 00-13:00
08:00-11:00,12:30-15:00
sunrise-sunset",sunrise-sunset,sunrise-sunset,sunrise-sunset,sunrise-sunset,sunrise-sunset,,,,Mo sunrise-sunset; Tu sunrise-sunset; We sunrise-sunset; Th sunrise-sunset; Fr sunrise-sunset; Sa off; Su off; PH off,,,Mo sunrise-sunset; Tu sunrise-sunset; We sunrise-sunset; Th sunrise-sunset; Fr sunrise-sunset; Sa off; Su off; PH off,,doctors,doctor,,,no,,0,0,2,public,yes,water_works,grid,,,,e9ef692a-f992-42b6-8b6a-1a6bf254c170
64,1a0e9aa3-2405-415e-88c9-03b708ff1b52,2019-07-17T09:18:48.569000+00:00,2019-07-17T18:23:49.667000+00:00,Cheikhounabamba,HS-Gather-2019-Senegal,6b748598-f2ea-48ca-9c22-9c2ee62e627f,Pharmacie Bouchra,Goxu-Mbacc 2e Bayal,+221339615189,private,Dr Mame Yacine Ndoye,16.04392403,-16.50675324,40,6,operational,oh_select,Mo Tu We Th Fr Sa PH,"09:00-18:30
08:00-11:00,12:30-15:00
sunrise-sunset",08:00-22:00,08:00-22:00,08:00-22:00,08:00-22:00,08:00-22:00,08:00-13:00,,08:00-22:00,Mo 08:00-22:00; Tu 08:00-22:00; We 08:00-22:00; Th 08:00-22:00; Fr 08:00-22:00; Sa 08:00-13:00; Su off; PH 08:00-22:00,,,Mo 08:00-22:00; Tu 08:00-22:00; We 08:00-22:00; Th 08:00-22:00; Fr 08:00-22:00; Sa 08:00-13:00; Su off; PH 08:00-22:00,,pharmacy,pharmacy,,,no,yes,0,1,,private public,yes,water_works,solar,,,,9a8cbc5b-e34d-4ca3-98f6-2083922cf4fb
65,50270f91-2a36-493b-ba96-5cbe7d022c7d,2019-07-17T08:57:15.962000+00:00,2019-07-17T18:23:42.859000+00:00,Cheikhounabamba,HS-Gather-2019-Senegal,18aa0de1-d44a-4c55-b1d9-0119f9be2cc4,Poste de Goxu-mbacc,Goxu-Mbacc 2e Bayal,+221776507039,public,Ministère de la santé  et de l'action sociale,16.04367157,-16.50683362,45,6,operational,oh_24_7,,,,,,,,,,,,,,24/7,,doctors,doctor pharmacy hospital birthing_center,,ultrasound emergency_department,yes,,5,0,4,public,no,water_works,grid,,,,95fce6b3-7ad9-40d5-85ba-6b80dca24f39
66,7e8e24d1-e770-4f85-8141-a4573f59df88,2019-07-17T16:11:41.578000+00:00,2019-07-17T16:47:43.762000+00:00,cheikhounacasset,HS-Gather-2019-Senegal,0ceff329-3252-4c03-afb6-bd991947806e,Centre medico social,Rue thierno ousmane sy ndioloféne,+221339615212,public,IPRES,16.02210493,-16.48956648,36,8,operational,oh_select,Mo Tu We Th Fr,08:00-14:00,08:00-17:00,08:00-17:00,08:00-17:00,08:00-17:00,08:00-17:00,,,,Mo 08:00-17:00; Tu 08:00-17:00; We 08:00-17:00; Th 08:00-17:00; Fr 08:00-17:00; Sa off; Su off; PH off,,,Mo 08:00-17:00; Tu 08:00-17:00; We 08:00-17:00; Th 08:00-17:00; Fr 08:00-17:00; Sa off; Su off; PH off,,doctors,pharmacy,,,no,,3,1,1,no,yes,water_works,grid,,,,6fd27c2b-05db-4631-a704-37c699bc024a
67,69a68004-581c-492f-a07b-05a486e52949,2019-07-17T14:47:36.783000+00:00,2019-07-17T15:37:34.970000+00:00,cheikhounacasset,HS-Gather-2019-Senegal,d1aa7546-c09b-4766-8cda-ee8739301311,Pharmacie Régionale s'approvisionnement de Saint Louis,"Rue moustapha malick Guaye ,Ndiollofène",+221339611082,public,Ministère de la santé,16.01722176,-16.49022932,35,5,operational,oh_select,Mo Tu We Th Fr,08:00-17:00,08:00-17:00,08:00-17:00,08:00-17:00,08:00-17:00,08:00-17:00,,,,Mo 08:00-17:00; Tu 08:00-17:00; We 08:00-17:00; Th 08:00-17:00; Fr 08:00-17:00; Sa off; Su off; PH off,,,Mo 08:00-17:00; Tu 08:00-17:00; We 08:00-17:00; Th 08:00-17:00; Fr 08:00-17:00; Sa off; Su off; PH off,,pharmacy,pharmacy,,,,no,0,1,0,no,yes,water_works,grid,,,,22fcf5c3-0d1f-430b-a5db-1a034e854502
68,6128e506-a3a0-4e75-9c6c-49afcd5adb6f,2019-07-17T13:22:57.638000+00:00,2019-07-17T16:45:29.385000+00:00,cheikhounacasset,HS-Gather-2019-Senegal,719e5b7b-227a-4679-a711-21b87057823e,Centre de santé de Saint Louis,Lèona ocler,+221339613229,public,Ministère de la santé,16.01110146,-16.49334521,39,7,operational,oh_24_7,,,,,,,,,,,,,,24/7,,doctors,birthing_center pharmacy dentist laboratory optometrist,,emergency_department laboratory,yes,,25,3,10,private public,yes,water_works,grid,,,,136b0f78-ce5c-4b54-85ba-d95314fb47ac
69,ad3bfa6b-dd60-44b6-8824-f3cf5a8b0392,2019-07-17T12:25:30.370000+00:00,2019-07-17T16:46:32.201000+00:00,cheikhounacasset,HS-Gather-2019-Senegal,c0942ce0-ab15-498d-9846-8f02bda2704e,Pharmacie la pikinoise,Pikine sor,+221339611007,private,Docteur Françoise Gomis,16.00563718,-16.49062252,44,7,operational,oh_select,Mo Tu We Th Fr Sa,08-13h,08-22h,08-22h,08-22h,08-22h,08-22h,08-22h,,,Mo 08-22h; Tu 08-22h; We 08-22h; Th 08-22h; Fr 08-22h; Sa 08-22h; Su off; PH off,,,Mo 08-22h; Tu 08-22h; We 08-22h; Th 08-22h; Fr 08-22h; Sa 08-22h; Su off; PH off,,pharmacy,pharmacy,,,no,no,0,1,0,private public,yes,water_works,grid,,,,028ca36a-19dc-42ba-8ba0-fea7d754f898
70,eb057c7d-cd42-44bc-bec9-e79e614f9d25,2019-07-17T11:48:26.833000+00:00,2019-07-17T16:57:37.519000+00:00,cheikhounacasset,HS-Gather-2019-Senegal,40ad26a4-abd6-4ee6-a9e1-7780a53e18ef,Poste de santé sor Daga,Pikine sor daga,,public,Ministère de la santé,15.99749655,-16.48978609,33,5,operational,oh_24_7,,,,,,,,,,,,,,24/7,,doctors,birthing_center pharmacy,,,yes,,7,0,1,private,yes,water_works,grid,,,,bb047cd0-bcf8-4693-9872-ac60bb87650f
71,a322520d-4a5f-45fa-a07f-8fd583838ec2,2019-07-17T11:12:40.749000+00:00,2019-07-17T16:44:55.006000+00:00,cheikhounacasset,HS-Gather-2019-Senegal,dd794e33-bbc6-4a1b-9cb1-575b5dbd0800,Poste de santé pikine sor,Pikine sor,+221774252374,public,Ministère de la santé,15.9989664,-16.49548964,43,5,operational,oh_24_7,,,,,,,,,,,,,,24/7,,doctors,birthing_center pharmacy,,emergency_department,yes,,10,1,1,no,yes,water_works,grid,,,,d382cfa4-ee23-4bfd-ae2d-dfd54e0e451e
72,b27ef57b-0834-44bd-a6b7-807dfce2c217,2019-07-17T10:33:33.723000+00:00,2019-07-17T11:25:34.458000+00:00,cheikhounacasset,HS-Gather-2019-Senegal,f18af64a-c43c-422c-9b3f-e0055aaad6fb,Association Sénégalaise pour le bien-être des familles (ASBEF),Pikine 15m,+221339611658,community,ONG  (IPPF),15.99330006,-16.48996169,37,8,operational,oh_select,Mo Tu We Th Fr Sa,08h:00-16h:00,08h:00-16h:00,08h:00-16h:00,08h:00-16h:00,08h:00-16h:00,08h:00-16h:00,08h:00-10h:00,,,Mo 08h:00-16h:00; Tu 08h:00-16h:00; We 08h:00-16h:00; Th 08h:00-16h:00; Fr 08h:00-16h:00; Sa 08h:00-10h:00; Su off; PH off,,,Mo 08h:00-16h:00; Tu 08h:00-16h:00; We 08h:00-16h:00; Th 08h:00-16h:00; Fr 08h:00-16h:00; Sa 08h:00-10h:00; Su off; PH off,,doctors,laboratory,,laboratory,no,,0,0,0,private,yes,water_works,grid,https://asbef.asso-web.com,,,4f86503f-d75d-45e5-97a6-d1285e9ec80e
73,2cf28f37-7192-4eb4-b491-265388ab9a97,2019-07-17T10:08:17.718000+00:00,2019-07-17T12:57:13.107000+00:00,cheikhounacasset,HS-Gather-2019-Senegal,49e4f076-7f95-4bc0-9a07-4f535afa87ca,Pharmacie Hamndou Rabi,Pikine sor Diagne,+221339619055,private,Docteur mame Mor Traoré,15.990759,-16.48629745,37,8,operational,oh_select,Mo Tu We Th Fr Sa,8h:00-22h:00,8h:00-22h:00,8h:00-22h:00,8h:00-22h:00,8h:00-22h:00,8h:00-22h:00,8h:00-13h:00,,,Mo 8h:00-22h:00; Tu 8h:00-22h:00; We 8h:00-22h:00; Th 8h:00-22h:00; Fr 8h:00-22h:00; Sa 8h:00-13h:00; Su off; PH off,,,Mo 8h:00-22h:00; Tu 8h:00-22h:00; We 8h:00-22h:00; Th 8h:00-22h:00; Fr 8h:00-22h:00; Sa 8h:00-13h:00; Su off; PH off,,pharmacy,pharmacy,,,no,no,0,1,0,no,yes,groundwater,grid,,,,f344ee8b-71be-4f33-bbe0-38f3a60576a3
74,4011414c-9e4b-41a3-96a9-6a64511f6c10,2019-07-17T15:52:54.129000+00:00,2019-07-17T16:06:43.551000+00:00,AssaneChrif,HS-Gather-2019-Senegal,56769ef9-a2b7-47ac-9814-5e26728fa126,Terres Rouges ,"Saint-Louis, 122 avenue des grands  hommes (en face PLAN )",+221339614440,community,Terres Rouges,16.02076794,-16.48981601,47,3,operational,oh_select,Mo Tu We Fr Th,"09:00-18:30
08:00-11:00,12:30-15:00
sunrise-sunset",09:00-18:00,09:00-18:00,09:00-18:00,09:00-18:00,09:00-18:00,,,,Mo 09:00-18:00; Tu 09:00-18:00; We 09:00-18:00; Th 09:00-18:00; Fr 09:00-18:00; Sa off; Su off; PH off,,,Mo 09:00-18:00; Tu 09:00-18:00; We 09:00-18:00; Th 09:00-18:00; Fr 09:00-18:00; Sa off; Su off; PH off,,doctors,alternative,,,no,,0,0,1,private,yes,water_works,grid,https://www.terresrouges.be,,,569afa64-e6d1-4e49-a4ae-fc1954158e6d
75,93666fd5-0c4c-4c5f-8632-02ebdaf3a3af,2019-07-17T15:29:04.394000+00:00,2019-07-17T15:35:40.536000+00:00,AssaneChrif,HS-Gather-2019-Senegal,79b332bc-c0c6-4ec8-b91b-c52d24b06dc3,Pharmacie  du Fleuve ,"Djoloféne, avenue  Moutaphe Malick Gaye",+221339617618,private,Docteur Moussa Bâ,16.02060101,-16.49102594,48,5,operational,oh_select,Mo Tu We Th Fr Sa,"09:00-18:30
08:00-11:00,12:30-15:00
sunrise-sunset",08:00-22:00,08:00-22:00,08:00-22:00,08:00-22:00,08:00-22:00,08:00-13:00,,,Mo 08:00-22:00; Tu 08:00-22:00; We 08:00-22:00; Th 08:00-22:00; Fr 08:00-22:00; Sa 08:00-13:00; Su off; PH off,,,Mo 08:00-22:00; Tu 08:00-22:00; We 08:00-22:00; Th 08:00-22:00; Fr 08:00-22:00; Sa 08:00-13:00; Su off; PH off,,pharmacy,pharmacy,,,no,yes,0,1,,private public,yes,water_works,grid,,,,9f173cf7-7ad0-4b11-89c8-f02dd9cd2e99
76,bcdb0be9-0526-41e3-a2ca-4b2cfe90960b,2019-07-17T14:41:07.022000+00:00,2019-07-17T14:50:08.492000+00:00,AssaneChrif,HS-Gather-2019-Senegal,adcbf9c3-68d7-462a-8c63-2dc7360694da,Pharamacie Château d'eau ,Léona ,+221339612390,private,Docteur Aliyoune Diagne,16.01354458,-16.49380705,39,5,operational,oh_select,Sa Fr We Tu Mo Th,"09:00-18:30
08:00-11:00,12:30-15:00
sunrise-sunset",08:15-22:00,08:15-22:00,08:15-22:00,08:15-22:00,08:15-22:00,08:15-13:00,,,Mo 08:15-22:00; Tu 08:15-22:00; We 08:15-22:00; Th 08:15-22:00; Fr 08:15-22:00; Sa 08:15-13:00; Su off; PH off,,,Mo 08:15-22:00; Tu 08:15-22:00; We 08:15-22:00; Th 08:15-22:00; Fr 08:15-22:00; Sa 08:15-13:00; Su off; PH off,,pharmacy,pharmacy,,,no,yes,0,1,0,public private,yes,water_works,grid,,,,f51b041f-729f-4894-8095-410f24365bbe
77,8efb8b5f-b25e-464e-8fe2-69ceaddac3f9,2019-07-17T13:50:42.499000+00:00,2019-07-17T13:58:57.315000+00:00,AssaneChrif,HS-Gather-2019-Senegal,02777e05-b622-44b3-946d-3c9cb7821b6d,Pharmacie Thierno Amadou Oumar Déme,"Léona,Sable ",+221339618556,private,Docteur Mouhamadoul Habib Déme,16.01297494,-16.49700726,35,6,operational,oh_select,Mo Tu We Fr Th Sa,"09:00-18:30
08:00-11:00,12:30-15:00
sunrise-sunset",08:00-22:00,08:00-22:00,08:00-22:00,08:00-22:00,08:00-22:00,08:00-13:00,,,Mo 08:00-22:00; Tu 08:00-22:00; We 08:00-22:00; Th 08:00-22:00; Fr 08:00-22:00; Sa 08:00-13:00; Su off; PH off,,,Mo 08:00-22:00; Tu 08:00-22:00; We 08:00-22:00; Th 08:00-22:00; Fr 08:00-22:00; Sa 08:00-13:00; Su off; PH off,,pharmacy,pharmacy,,,no,yes,0,1,0,private,yes,water_works,grid,,,,6fa3f09e-ce8c-4103-abf2-8f03a0af1082
78,23725bab-279f-4b32-a3cb-6e518f4e13d9,2019-07-17T13:19:44.954000+00:00,2019-07-17T13:29:23.776000+00:00,AssaneChrif,HS-Gather-2019-Senegal,605190af-8614-46e4-8ed5-a3d270354cd2,Pharmacie Papa Latsouck Faye,Pikine angle Tall,+221339615211,private,Docteur Djibril Sarr Faye,16.00901169,-16.49373631,43,5,operational,oh_select,Mo Sa We Fr Tu Th,"09:00-18:30
08:00-11:00,12:30-15:00
sunrise-sunset",08:00-22:00,08:00-22:00,08:00-22:00,08:00-22:00,08:00-22:00,08:00-13:00,,,Mo 08:00-22:00; Tu 08:00-22:00; We 08:00-22:00; Th 08:00-22:00; Fr 08:00-22:00; Sa 08:00-13:00; Su off; PH off,,,Mo 08:00-22:00; Tu 08:00-22:00; We 08:00-22:00; Th 08:00-22:00; Fr 08:00-22:00; Sa 08:00-13:00; Su off; PH off,,pharmacy,pharmacy,,,no,yes,0,2,0,private,yes,water_works,grid,,,,ac0d451f-fc90-4ca9-ae49-a10292496d76
79,c7548d40-64e4-4eea-bd78-ad9cb40c890b,2019-07-17T11:51:36.990000+00:00,2019-07-17T11:59:21.025000+00:00,AssaneChrif,HS-Gather-2019-Senegal,f11682af-33c1-43a7-9e77-d68c7dda7459,AL HAMDOULILAH,"Pikine, tableau Waalo",+221339615020,private,Docteur Khoudia Tabane,16.00234837,-16.4881693,24,5,operational,oh_select,Mo Tu We Th Sa Fr,"09:00-18:30
08:00-11:00,12:30-15:00
sunrise-sunset",08:00-22:00,08:00-22:00,08:00-22:00,08:00-22:00,08:00-22:00,08:00-13:00,,,Mo 08:00-22:00; Tu 08:00-22:00; We 08:00-22:00; Th 08:00-22:00; Fr 08:00-22:00; Sa 08:00-13:00; Su off; PH off,,,Mo 08:00-22:00; Tu 08:00-22:00; We 08:00-22:00; Th 08:00-22:00; Fr 08:00-22:00; Sa 08:00-13:00; Su off; PH off,,pharmacy,pharmacy,,,no,yes,0,2,,private,yes,water_works,grid,,,,e86af3b6-0747-412b-8db1-2c598c3716f9
80,373dbd8e-18e5-4431-ab6d-7a1122bdf419,2019-07-17T11:09:23.367000+00:00,2019-07-17T11:24:16.591000+00:00,AssaneChrif,HS-Gather-2019-Senegal,15a387fc-6999-454e-82d0-6fd8c3cc277d,Mame Awa,Pikine 700,+221339615253,private,Docteur Chérif Younouss Ndiaye,15.99898329,-16.49567219,31,3,operational,oh_select,Mo Tu We Fr Th Sa,"09:00-18:30
08:00-11:00,12:30-15:00
sunrise-sunset",07:30-22:00,07:30-22:00,07:30-22:00,07:30-22:00,07:30-22:00,07:30-13:00,,,Mo 07:30-22:00; Tu 07:30-22:00; We 07:30-22:00; Th 07:30-22:00; Fr 07:30-22:00; Sa 07:30-13:00; Su off; PH off,,,Mo 07:30-22:00; Tu 07:30-22:00; We 07:30-22:00; Th 07:30-22:00; Fr 07:30-22:00; Sa 07:30-13:00; Su off; PH off,,pharmacy,pharmacy,,,no,yes,0,1,0,public private,yes,water_works,grid,,,,c5072db8-4dc5-4cd0-9b70-95eb8e281948
81,bd7ad420-dbc9-436a-ae12-b71368ccc888,2019-07-17T10:08:27.324000+00:00,2019-07-17T10:16:41.989000+00:00,AssaneChrif,HS-Gather-2019-Senegal,43b32fa3-3653-44b8-81cf-c3aa887d042a,Hamdou Rabi,Pikine Sor Diagne,+221339619055,private,Docteur Mame Mor Traoré,15.99069782,-16.48637415,44,5,operational,oh_select,Mo We Tu Th Fr Sa,"09:00-18:30
08:00-11:00,12:30-15:00
sunrise-sunset",08:00-22:00,08:00-22:00,08:00-22:00,08:00-22:00,08:00-22:00,08:00-13:00,,,Mo 08:00-22:00; Tu 08:00-22:00; We 08:00-22:00; Th 08:00-22:00; Fr 08:00-22:00; Sa 08:00-13:00; Su off; PH off,,,Mo 08:00-22:00; Tu 08:00-22:00; We 08:00-22:00; Th 08:00-22:00; Fr 08:00-22:00; Sa 08:00-13:00; Su off; PH off,,pharmacy,pharmacy,,,no,yes,0,1,0,no,yes,water_works,grid,,,,b38cfa41-7b67-45ce-a5d3-7a3fb0a84bcc
82,dd793da1-da5f-49ec-b55c-67311dd2af3a,2019-07-17T09:52:11.617000+00:00,2019-07-17T09:59:09.978000+00:00,AssaneChrif,HS-Gather-2019-Senegal,7d8d4375-3556-4015-aed8-d95ecdb2c251,Guy Seddele,Pikine Sor Daga,+221339615183,private,Docteur Ibrahima Thiam,15.99434742,-16.4870302,34,5,operational,oh_select,Mo Tu We Fr Th Sa,"09:00-18:30
08:00-11:00,12:30-15:00
sunrise-sunset",08:30-22:00,08:30-22:00,08:30-22:00,08:30-22:00,08:30-22:00,08:30-13:00,,,Mo 08:30-22:00; Tu 08:30-22:00; We 08:30-22:00; Th 08:30-22:00; Fr 08:30-22:00; Sa 08:30-13:00; Su off; PH off,,,Mo 08:30-22:00; Tu 08:30-22:00; We 08:30-22:00; Th 08:30-22:00; Fr 08:30-22:00; Sa 08:30-13:00; Su off; PH off,,pharmacy,pharmacy,,,no,yes,0,1,0,public private,yes,water_works,grid,,,,447a6aa6-951f-458b-aeb6-9f66df449481
83,6affca50-4c9e-4425-a327-53725f9df99c,2019-07-17T15:17:12.834000+00:00,2019-07-17T17:33:59.425000+00:00,NdeyeKhadyNdoye,HS-Gather-2019-Senegal,a7a83f1d-1cb7-49db-824a-63a512d11106,Case de santé de Merina SALL,Merina SALL,,public,Ministère de la santé et de l'action sociale,15.83930572,-16.36141313,54,5,operational,oh_weekday,,,,,,,,,,,,09:00-18:00,,Mo-Fr 09:00-18:00; PH off,,doctors,doctor,,,no,,0,,1,no,no,water_works,grid,,,,fcd27684-6bc3-4682-94ce-8e3b60f6d1c8
84,f3548f9e-6367-48b7-9240-1b8ad1bf1e54,2019-07-17T15:01:08.882000+00:00,2019-07-17T17:32:44.053000+00:00,NdeyeKhadyNdoye,HS-Gather-2019-Senegal,cf53ec8e-f495-42d1-92ac-6029830956e2,Case de santé de Bidiam Mouride,Bidieum Mouride,,public,Ministère de la santé et de l'action sociale,15.85846009,-16.31860156,53,5,operational,oh_weekday,,,,,,,,,,,,09:00-18:00,,Mo-Fr 09:00-18:00; PH off,,doctors,doctor,,,no,,0,,1,no,no,water_works,none,,,,98f853ec-e4db-4d96-b316-884042b9d6eb
85,82990bd9-c4ff-494c-8313-824e4bc961a2,2019-07-17T13:57:01.419000+00:00,2019-07-17T13:59:35.980000+00:00,NdeyeKhadyNdoye,HS-Gather-2019-Senegal,a746c83b-e59a-4e90-93a3-0717beccd3b3,Case de santé de Ndioubnane,Ndioubnane,,public,Ministère de la santé et de l'action sociale ,15.98290047,-16.29972945,35,5,operational,oh_weekday,,,,,,,,,,,,09:00-18:30,,Mo-Fr 09:00-18:30; PH off,,doctors,doctor,,,no,,0,,1,no,no,water_works,none,,,,da8b84f1-c758-47b9-bd13-65215f21e972
86,e4460766-6ced-4237-b26f-163353252c13,2019-07-17T13:32:13.085000+00:00,2019-07-17T17:33:13.362000+00:00,NdeyeKhadyNdoye,HS-Gather-2019-Senegal,61956c96-d664-49d2-bef2-8e53e7b89d84,Case de santé de Gonio Peul,Gonio Peul,,public,Ministère de la santé et de l'action sociale,16.03904903,-16.22570534,39,5,operational,oh_weekday,,,,,,,,,,,,09:00-18:30,,Mo-Fr 09:00-18:30; PH off,,doctors,doctor,,,no,,,,1,no,,water_works,,,,,8e217eb7-22bb-4241-84c1-35c1819c7213
87,e26450e6-e1be-465c-8773-089272e86e80,2019-07-17T12:42:52.698000+00:00,2019-07-17T17:33:30.337000+00:00,NdeyeKhadyNdoye,HS-Gather-2019-Senegal,1952c56b-f4ec-42cb-87fb-61f23bf6e14d,Case de santé Ndakhar Peul,Ndakhar Peul,,public,Ministère de la santé et de l'action sociale,15.94460862,-16.22492599,42,5,operational,oh_select,Mo Tu We Th Fr,"09:00-18:30
08:00-11:00,12:30-15:00
sunrise-sunset",09:00-18:30,09:00-18:30,09:00-18:30,09:00-18:30,09:00-18:30,,,,Mo 09:00-18:30; Tu 09:00-18:30; We 09:00-18:30; Th 09:00-18:30; Fr 09:00-18:30; Sa off; Su off; PH off,,,Mo 09:00-18:30; Tu 09:00-18:30; We 09:00-18:30; Th 09:00-18:30; Fr 09:00-18:30; Sa off; Su off; PH off,,doctors,doctor pharmacy birthing_center,,,no,,1,0,1,no,no,water_works,solar,,,,985b2dd3-de8e-435d-8748-05c89083d7b1
88,6ff50c47-4287-4735-b852-4fd41d9233a3,2019-07-17T10:11:23.162000+00:00,2019-07-17T10:53:07.748000+00:00,NdeyeKhadyNdoye,HS-Gather-2019-Senegal,752b16eb-3a94-4ac4-859b-f1f535b06787,Case de santé Khelcom DIOP,Khelcom DIOP,,public,Ministère de la santé et de l'action sociale ,15.90651358,-16.33514668,42,5,operational,oh_24_7,,,,,,,,,,,,,,24/7,,doctors,doctor pharmacy,,,no,,1,,1,no,no,water_works,none,,,,3d9a60dd-73a0-4aa2-9114-2c610832fbce
89,a940083b-f8ce-4481-9528-493a29894c39,2019-07-17T15:31:07.916000+00:00,2019-07-17T17:32:28.135000+00:00,Ibou1003,HS-Gather-2019-Senegal,1e3841ed-46ec-4946-930e-b6d555428961,Case de santé de Mbatiasse Dieye,Mbathiasse Dieye,,public,Ministère de la santé et de l'action sociale,15.86539804,-16.34690699,50,5,operational,oh_weekday,,,,,,,,,,,,09:00-18:00,,Mo-Fr 09:00-18:00; PH off,,doctors,doctor,,,no,,,,1,unknown,no,well,none,,,,ad2774d2-9e15-4e8b-8646-bd53d8ba9fb7
90,e343e6da-257f-4dcf-b7c4-3c71950ef9e1,2019-07-17T10:04:54.925000+00:00,2019-07-17T17:33:52.943000+00:00,NdeyeKhadyNdoye,HS-Gather-2019-Senegal,3c0671cd-e0d4-4ef7-8eaa-b6096c7e41b1,Case de santé de Semel,Semel,,public,Ministère de la santé et de l'action sociale,15.92900223,-16.34713808,39,5,operational,oh_unknown,,,,,,,,,,,,,,unknown,,doctors,doctor pharmacy,,,no,,,,1,no,no,,none,,,,cee0cb65-c709-4233-897c-f3ece1d82e47
91,13fb0de2-ce87-4401-ac1b-4261174281dc,2019-07-17T15:11:29.865000+00:00,2019-07-17T17:32:37.435000+00:00,Ibou1003,HS-Gather-2019-Senegal,20c9486b-996b-4584-a555-768f087d59e6,Case de santé de Ndieye Wade,Ndieye wade,,public,Ministère de la santé et de l'action sociale,15.83705414,-16.33281601,53,5,operational,oh_weekday,,,,,,,,,,,,09:00-18:00,,Mo-Fr 09:00-18:00; PH off,,doctors,doctor,,,no,,,,1,unknown,no,water_works,none,,,,a5a77a2b-7de7-4197-9ff5-2f9dc75fb34e
92,80569a89-35c2-4dd0-a72c-c1924fe5fbc3,2019-07-17T09:00:24.259000+00:00,2019-07-17T09:09:01.394000+00:00,NdeyeKhadyNdoye,HS-Gather-2019-Senegal,b3a000f2-d6dd-4701-bd4a-e4d875bdd5a4,Pharmacie Mame Rawane Ngom,Quartier Mame Rawane Mpal,+221339625450,private,Docteur Moustapha BOP,15.91783091,-16.27406683,42,5,operational,oh_24_7,,,,,,,,,,,,,,24/7,,pharmacy,pharmacy,,,no,yes,,1,,no,yes,water_works,grid,,,,356cec6b-2489-4db7-98ee-6de5e6341b89
93,60e89856-7858-4491-b64c-a6448588e9ea,2019-07-17T14:41:27.843000+00:00,2019-07-17T17:32:46.221000+00:00,Ibou1003,HS-Gather-2019-Senegal,91c75606-0c1f-4afc-96f0-397b8a00623d,Case de santé de Ndabé Sow,Ndabé Sow,,public,Ministère de la santé et de l'action sociale,15.87381897,-16.2665978,46,5,operational,oh_weekday,,,,,,,,,,,,09:00-18:00,,Mo-Fr 09:00-18:00; PH off,,doctors,doctor,,,no,,,,1,unknown,no,well,none,,,,3ff76448-fb5d-41fe-a18d-78c4c37de2db
94,6ded9ae8-4997-4b5d-842f-1526af5cea5c,2019-07-17T08:19:08.966000+00:00,2019-07-17T08:53:16.082000+00:00,NdeyeKhadyNdoye,HS-Gather-2019-Senegal,f7185c62-ac3c-41c7-ab91-4421c3f17050,Case de santé Grand Mpal,Grand Mpal,,public,Ministère de la santé et de l'action sociale ,15.92171492,-16.26099969,41,5,operational,oh_24_7,,,,,,,,,,,,,,24/7,,doctors,doctor pharmacy,,,no,,1,1,,no,no,water_works,none,,,,e0c7a3a5-1989-42d9-ae4b-2c4fd9495740
95,b970b067-f05f-44be-b83a-dabd4d598586,2019-07-17T13:44:22.436000+00:00,2019-07-17T17:32:56.922000+00:00,Ibou1003,HS-Gather-2019-Senegal,c5d11dcb-a4ae-4bda-9b00-76704d8a83bf,Case de santé Takhmbeut,Takhmbeut,,public,Ministère de la santé et de l'action sociale,16.02453149,-16.26265118,31,5,operational,oh_weekday,,,,,,,,,,,,09:00-18:00,,Mo-Fr 09:00-18:00; PH off,,doctors,doctor,,,no,,,,1,unknown,no,water_works,none,,,,366cfa97-8200-42bd-8290-404cf82de06c
96,be264769-68a0-4a19-9152-9f067f9fb1d0,2019-07-17T13:17:01.172000+00:00,2019-07-17T17:33:05.699000+00:00,Ibou1003,HS-Gather-2019-Senegal,8c3a5438-0b0a-4eac-85cb-ac3e1a450725,Case de santé de Tall Bakhlé,Tall bakhlé,,public,Ministère de la santé et de l'action sociale,15.99428686,-16.20834441,48,5,operational,oh_weekday,,,,,,,,,,,,09:00-18:00,,Mo-Fr 09:00-18:00; PH off,,doctors,doctor birthing_center,,,no,,2,,1,unknown,no,water_works,none,,,,a18a2ca4-5647-4873-b198-f31867c6a3fa
97,755cf8dd-eef6-4349-9b21-0145e309a178,2019-07-17T12:56:55.574000+00:00,2019-07-17T17:33:14.085000+00:00,Ibou1003,HS-Gather-2019-Senegal,fe63f934-f6df-462b-8fb6-cab5f5d8a351,Case de santé Teud Biti,Teud Biti,,public,Ministère de la santé et de l'action sociale,15.9604943,-16.18051113,49,5,operational,oh_weekday,,,,,,,,,,,,09:00-18:00,,Mo-Fr 09:00-18:00; PH off,,doctors,doctor,,,no,,,,1,no,no,water_works,none,,,,0f5961ec-9d72-4476-90fa-34bd65cc4588
98,ab52e2b1-d455-4ed4-9680-306bcfbcb27e,2019-07-17T11:27:40.311000+00:00,2019-07-17T17:30:48.970000+00:00,Ibou1003,HS-Gather-2019-Senegal,23f7dc9a-c307-446e-85a2-0436a49041a4,Case de santé Mbaye Mbaye Sarr,Mbaye Mbaye,,public,Ministère de la santé et de l'action sociale,15.88108599,-16.30855534,40,5,operational,oh_weekday,,,,,,,,,,,,09:00-18:30,,Mo-Fr 09:00-18:30; PH off,,doctors,doctor pharmacy,,,no,,,,1,no,no,water_works,grid,,,,f1e32fd7-8d7b-4904-9aa6-daf23abd4c35
99,95f4d34d-d1b1-440a-82cc-fe263efa6f73,2019-07-17T10:19:59.197000+00:00,2019-07-17T17:24:34.548000+00:00,Ibou1003,HS-Gather-2019-Senegal,ab737d00-9c2b-45af-9262-40556192582e,Pharmacie Seynabou Ousmane Sy,Fass Ngom,+221301022108,private,Dr O. DIOP,15.9286108,-16.3248708,27,5,operational,oh_select,Mo Tu We Th Fr Sa Su PH,"09:00-18:30
08:00-11:00,12:30-15:00
sunrise-sunset",09:00-20:00,09:00-20:00,09:00-20:00,09:00-20:00,09:00-20:00,09:00-20:00,09:00-20:00,09:00-20:00,Mo 09:00-20:00; Tu 09:00-20:00; We 09:00-20:00; Th 09:00-20:00; Fr 09:00-20:00; Sa 09:00-20:00; Su 09:00-20:00; PH 09:00-20:00,,,Mo 09:00-20:00; Tu 09:00-20:00; We 09:00-20:00; Th 09:00-20:00; Fr 09:00-20:00; Sa 09:00-20:00; Su 09:00-20:00; PH 09:00-20:00,,pharmacy,pharmacy,,,no,yes,,,,no,no,water_works,grid,,,,0422605b-25eb-4509-a658-77b9ae00eb6b
100,44ffad1e-5ff4-43b7-acc4-0b6577dc39bd,2019-07-17T09:33:58.371000+00:00,2019-07-17T17:31:25.897000+00:00,Ibou1003,HS-Gather-2019-Senegal,6042d00b-ac86-4b5f-a5f3-1709b48723b1,Poste de santé de Fass Ngom,Fass Ngom,+221339593028,combination,Ministère de la santé et de l'action sociale,15.93135009,-16.32784562,42,5,operational,oh_24_7,,,,,,,,,,,,,,24/7,,doctors,pharmacy birthing_center doctor,,,yes,,11,0,2,public,yes,water_works,grid,,,,8f41b6da-d170-4706-8cb1-07ace505403a
101,d5e7ba02-da8e-4e27-a7c6-bb52bb162507,2019-07-17T08:08:54.512000+00:00,2019-07-17T17:31:10.764000+00:00,Ibou1003,HS-Gather-2019-Senegal,0fe5f67a-f197-4844-88e5-7f26cc466be4,Centre de santé de Mpal,Mpal,+221339625497,public,Ministère de la santé et de l'action sociale,15.91915194,-16.27021241,29,5,operational,oh_24_7,,,,,,,,,,,,,,24/7,,doctors,pharmacy birthing_center dentist doctor laboratory,,ultrasound laboratory x_ray imaging_equipment intensive_care_unit emergency_department,yes,,15,2,3,no,yes,water_works,grid,,,,1f56e250-a6eb-4fd7-89f0-87a4eb5739d0
102,f4752208-0eb0-427b-92ab-431a3fd09627,2019-07-16T15:13:40.614000+00:00,2019-07-16T17:17:04.968000+00:00,Cheikhounabamba,HS-Gather-2019-Senegal,082032c8-6a42-4917-aaa5-5ec6b964adbb,Poste de santè de Sor,Route de khor,+221775408417,public,Ministère de la santé et de l'action sociale,16.02528448,-16.48932148,35,5,operational,oh_24_7,,,,,,,,,,,,,,24/7,,doctors,doctor birthing_center pharmacy,,emergency_department imaging_equipment ultrasound,yes,,3,0,2,public,no,water_works,grid,,,,1789f646-cafb-47d6-a44f-9aa73d5a7612
103,603d08ef-afdb-4451-a05f-623b586f1ff8,2019-07-16T15:30:43.733000+00:00,2019-07-16T17:16:58.293000+00:00,cheikhounacasset,HS-Gather-2019-Senegal,ca23fc5a-05f2-423f-8f3a-2fd3da8b316d,Pharmacie malang lyss,Corniche sor Saint Louis,+221339614118,private,Docteur Ismaila Dhèdiou,16.02730586,-16.48911478,41,6,operational,oh_select,Mo Tu We Th Fr Sa,08h-22h,08h-22h,08h-22h,08h-22h,08h-22h,08h-22h,08h-13h,,,Mo 08h-22h; Tu 08h-22h; We 08h-22h; Th 08h-22h; Fr 08h-22h; Sa 08h-13h; Su off; PH off,,,Mo 08h-22h; Tu 08h-22h; We 08h-22h; Th 08h-22h; Fr 08h-22h; Sa 08h-13h; Su off; PH off,,pharmacy,pharmacy laboratory,,laboratory,no,yes,0,1,0,public private,yes,water_works,grid,,,,c689b351-1c1e-4b17-b996-c0af3fc097d2
104,d4405493-b5d4-411c-aab9-b9281053e025,2019-07-16T15:43:48.351000+00:00,2019-07-16T17:16:26.848000+00:00,AssaneChrif,HS-Gather-2019-Senegal,3b764fa2-a3a6-4c51-b151-4b4438b79a4f,Pharmacie Mala Lyss,Cornche Sor Saint-Louis,+221339611418,private,Docteur Ismaïla Diédhiou,16.02725461,-16.48912878,33,5,operational,oh_select,Fr Sa Th We Tu Mo,"09:00-18:30
08:00-11:00,12:30-15:00
sunrise-sunset",08:00-22:00,08:00-22:00,08:00-22:00,08:00-22:00,08:00-22:00,08:00-13:00,,,Mo 08:00-22:00; Tu 08:00-22:00; We 08:00-22:00; Th 08:00-22:00; Fr 08:00-22:00; Sa 08:00-13:00; Su off; PH off,,,Mo 08:00-22:00; Tu 08:00-22:00; We 08:00-22:00; Th 08:00-22:00; Fr 08:00-22:00; Sa 08:00-13:00; Su off; PH off,,pharmacy,pharmacy laboratory,,laboratory,no,yes,0,1,0,private public,yes,water_works,grid,,,,b632e5bc-c91e-4716-99ab-d914f8ceb8cc